car_0,RSSSSSLR
car_1,SSSRSSSSSLR
car_2,SSLS
car_3,LSSSRL
car_4,RR
car_5,LSSRL
car_6,LSL
car_7,LSSSRL
car_8,R
car_12,SSSSSSRS
car_13,SSSSSSS
car_14,SSSSSSLR
car_15,RSSSLR
car_16,SSSSSSRSL
car_17,SSSSLSRL
car_18,SSSSSSRSL
car_20,SSSSSSRSL
car_21,RSSSSSLR
car_9,SSSSSLSRS
car_10,RSSSSSLR
car_19,RSLR
car_11,SSSSSL
car_22,LSL
car_23,SSSSSR
car_24,SSSSSSS
car_26,SSSSSLSSSRS
car_27,RSSSR
car_28,LSSS
car_29,LSS
car_30,SSSSLSSSRL
car_31,SRSS
car_32,SSSSRSSSSLR
car_33,LSSSSRL
car_34,RSSSSSS
car_35,LSSSSSS
car_25,SSSRSSSSLR
car_36,SSSSSR
car_37,SSSSL
car_38,SSSSSSS
car_39,SSSLSSSSRL
car_41,SSRSS
car_42,SSLSSSRL
car_43,RSSSS
car_45,LSSL
car_46,SSSSSSRL
car_47,SSRSLR
car_48,RSSR
car_49,LSSL
car_50,RSSSSSS
car_51,SSLSSSSSRL
car_44,LL
car_40,SSSSSLS
car_52,SSSR
car_53,SSSSSLSSSSSRS
car_54,SSSSSRSSSSLS
car_55,SSSSLSSSSRL
car_56,LSSSS
car_58,LSSL
car_59,RR
car_60,SSSSSRSLS
car_61,RSR
car_63,SSSRSSSSLR
car_64,LSSSL
car_66,SSSSSSLR
car_62,SSSRSSSSLR
car_65,SSL
car_57,LSS
car_67,SSSSL
car_68,SSSSSRSSSSSLR
car_69,SSSSLSSSSRL
car_71,SSSSSLS
car_74,LSSSRL
car_75,SRSSSLR
car_76,SSSSLSRL
car_77,SSSSLSSRL
car_78,LSL
car_79,RSLR
car_82,SSSSSSLR
car_72,SSSSSSLR
car_73,SRSLR
car_81,SLS
car_70,LSSSL
car_80,SLS
car_83,RSLR
car_84,SSSSSSRL
car_85,SSSSLSSSRL
car_87,SSSSSSLS
car_86,LSSSS
car_100,LSSSSL
car_88,SSSSSLSSSSRS
car_89,RSR
car_90,LSRL
car_91,SSRSSSLR
car_92,SSSSSLSSRS
car_93,SSSSSLSRS
car_94,RSR
car_95,LSL
car_96,SSSSSSLR
car_97,LL
car_98,SSSSSLSSSSRL
car_99,SSSSSLSSSSRS
car_101,SSSSSLSSRS
car_102,LL
car_103,SSSSSSRS
car_104,SSSRSSSSLR
car_105,SSSSSRSSLS
car_106,LSSL
car_108,SSSLSRL
car_109,LSL
car_111,RR
car_112,SSSSSRSSSSLS
car_113,SSL
car_110,SSRSSSSLR
car_107,SSSSSSRL
car_114,LSSSSSRL
car_115,SSSSSSL
car_116,SRSSSSSLR
car_117,SSSSSSRS
car_118,RSSSSLR
car_119,LL
car_120,SSRSSSLR
car_121,SSLSSRL
car_122,SSSSSSLR
car_124,SSSSRSLR
car_125,LSL
car_126,SSSSSSLR
car_128,SSSSSLSSSSRS
car_129,SSSSSLSRS
car_123,SLSRL
car_127,SSSSSSRS
car_130,SSSSSLSSSSRS
car_132,SSSSSRS
car_133,SSSSSRSSLS
car_134,LSSSS
car_135,SSSSSSRSL
car_136,SSSLSSRL
car_137,RR
car_138,RSLR
car_139,RR
car_131,SSSSSL
car_141,SSSSSRSSSLS
car_144,SSSSSRSLS
car_147,SSSSSRSLR
car_148,SSSSLS
car_150,SSSSSRS
car_151,SSSSSRS
car_152,RSSSSSS
car_153,SSSSR
car_140,SSSSSLSRS
car_149,SSSSLS
car_142,SSSSSRSSLS
car_145,RSSR
car_146,RR
car_143,SSSSSRSLR
car_154,SSSSSSLR
car_155,SSSSSSRS
car_156,SSLSSSSRL
car_157,SSSSSRSSSSLS
car_158,SSSSSLSSSRS
car_159,SRSSLR
car_160,SSSSSRSSLS
car_161,SSSSLSSSRL
car_162,SSSSSRSSLS
car_163,SSSSSSRS
car_164,SSSSSLS
car_166,SSSSSLSSSRS
car_167,RSSSR
car_168,SRSSLR
car_169,SLSRL
car_170,LSSSS
car_171,SSSSLS
car_172,LSSSSL
car_173,LSSSSL
car_174,R
car_175,R
car_165,SRSSSSLR
car_176,SSSSSSR
car_177,LSSL
car_178,SSSSLSSSSRL
car_179,SSLSSSSRL
car_180,SSSSSRSLS
car_181,SSSSSRSSLS
car_182,SSSSSRSLS
car_183,SSSSSSRSS
car_184,SRSSSSLR
car_185,SSRS
car_186,SSSSR
car_187,SSSSR
car_188,RSSSR
car_189,SSSSRS
car_190,SSSSSSRL
car_191,SSSSSSRL
car_192,RSR
car_193,SSSSSRSSSLS
car_195,SSSSSSRL
car_194,SSSSSSRL
car_196,SR
car_197,SSSSSSR
car_199,SSLSSSSRL
car_200,SSSSSSRL
car_201,LL
car_202,RR
car_203,SSSSSLSSSRS
car_204,LSRL
car_205,SSSSSSS
car_206,SSSSSSS
car_207,RSSSR
car_208,SSSRS
car_198,RSSSR
car_209,SSSSRSS
car_210,SSSSSSRSL
car_211,SSSRSSSLR
car_212,SSSSSRSSLS
car_213,SSRSSLR
car_214,SSSLSRL
car_215,SSSRSLR
car_216,SSSSRSLR
car_218,SSSSSRSSSLS
car_219,SSSSSLSRS
car_220,LSSL
car_217,SSSSSLS
car_221,R
car_222,SLS
car_223,SSSSSSLSR
car_224,SSSSRSSSLR
car_225,RSSLR
car_226,SRSSLR
car_228,RSSSSS
car_229,SLSSSSRL
car_230,SSSSL
car_231,SSSSSLSSRS
car_227,RSLR
car_232,SR
car_233,RSSR
car_235,SSSSSSLSR
car_237,RSR
car_238,SSSSSLSRS
car_239,SSSSSSLS
car_240,SSSL
car_241,SSSSSLSSSSSRL
car_234,SSSSSRSSSSLR
car_236,SRSSLR
car_242,SSSSSLSSSSSRS
car_243,SSSSSRSSSSSLS
car_244,SSSSSRSSSLS
car_245,SSSSSRSLR
car_246,LSS
car_249,LSSL
car_250,LS
car_251,SSSSR
car_248,SLSSSRL
car_247,SSLSSRL
car_252,L
car_253,SSSLS
car_256,SSSSSSS
car_257,SSRSLR
car_258,LSSSL
car_259,SSLS
car_260,SSSSRS
car_261,SSSLSSSSSRL
car_254,SSSSSRSSSLR
car_255,RSSR
car_262,SSSSSSR
car_263,SSSLSSSSSRL
car_264,SSSSSLS
car_265,SSSLS
car_266,RSR
car_267,SSSSSSS
car_268,SSSRSSSLR
car_269,RSSS
car_270,RSSR
car_271,LSSSS
car_272,LS
car_273,SSLS
car_274,SSSSSSLR
car_275,SL
car_277,SSSSSSL
car_278,RR
car_279,RSSSSS
car_280,SSSSSLSRS
car_281,LSRL
car_282,RR
car_283,SSSSSRSSLS
car_284,SSSSSSLR
car_285,SSSSSRSLR
car_286,SSSSSRSSSSLS
car_288,SSSSSSLR
car_276,R
car_287,LL
car_289,LSSSSSS
car_290,SSSSSR
car_291,RSSSR
car_294,LSS
car_295,LSSL
car_296,SSRSSSLR
car_297,SLSSSRL
car_298,SSSSSSS
car_299,SRSSSSLR
car_300,SSSSSLSRS
car_293,SSSSSRSSLS
car_292,LS
car_302,LSL
car_304,LSSL
car_305,LL
car_307,SSLSRL
car_308,SSSLSSSRL
car_309,SLS
car_311,SSSSLSSSSSRL
car_303,SSSSSRSSSSLS
car_301,LSSSSSRL
car_310,LSSSSRL
car_306,SSSRSSSSLR
car_312,LSSSSRL
car_314,SSSRSSSLR
car_315,LSSSRL
car_316,SSSSSSLR
car_317,SSSSSLSSSSRL
car_318,SSSSSRSSSSLS
car_313,SSSLS
car_319,SSSSSLSSRS
car_320,LSSSSL
car_321,SSSSSRSSLS
car_323,SSSSSRSSSSLS
car_324,SSSSSLSSRS
car_326,RSR
car_327,LSSL
car_328,RSSSLR
car_329,SSSSSSLR
car_330,LL
car_331,SSSSRSSSSLR
car_332,SSSSRS
car_333,R
car_325,RSSSLR
car_322,LSL
car_334,SSSSL
car_336,SSSSSRSSSLR
car_337,LSSRL
car_338,LSL
car_339,LSSSRL
car_340,LL
car_342,R
car_341,RR
car_335,SLS
car_343,SSSSLSSSSSRL
car_344,SSSSSSLR
car_345,RSSSSSR
car_346,SLSSSSRL
car_347,RSSSR
car_349,LSL
car_350,SSSSSLSSRL
car_351,SSRSSSLR
car_352,SSSSRSS
car_353,SSSSSLSSSRL
car_354,SSSSLS
car_355,SSSSSSRSL
car_356,SSSSSLSRS
car_357,LSSL
car_348,SLS
car_358,SSSSSLSSRS
car_359,SSRSSSSLR
car_360,SSSSSSRL
car_361,SSSSSLSRS
car_362,LSL
car_363,SLSSSRL
car_364,SSSSSRSSLS
car_365,SSSRS
car_366,RSSR
car_367,LL
car_368,LL
car_369,LSSSL
car_372,SSLSSSRL
car_373,LSL
car_374,LSSS
car_375,SSSRSS
car_376,LL
car_377,SSSSSSRL
car_378,RS
car_379,SL
car_371,RSSSSS
car_370,RS
car_380,SSSSSSL
car_381,RR
car_382,SSSSSRSLR
car_383,SSSSSSLR
car_384,SSSSSSLR
car_385,RSS
car_387,SRS
car_388,SSSSSSRS
car_389,SSSSSSS
car_386,SSSSSSRL
car_390,SSSR
car_391,RSSSSR
car_392,SSSSSSRL
car_393,SSSSSSS
car_394,SLS
car_395,SSSSRSS
car_396,SLSSRL
car_397,SSSSSSLR
car_398,SSSSSLSRS
car_399,SRSSSSLR
car_400,LSSSSS
car_401,SSSSSL
car_402,LSSSSL
car_403,SSSSSSL
car_404,SSSSSL
car_405,SSLSSSSRL
car_406,LSSSSS
car_408,LSSSS
car_409,SSSSSLSRS
car_410,RSSR
car_411,SSSSSSRL
car_412,SSSSLSRL
car_413,SSSSSLSRS
car_414,LL
car_415,RSSSSLR
car_416,SSSSSRSSSSLS
car_417,SSSSSLSSSRS
car_418,LSSSSL
car_420,SSSSSSLR
car_419,RSR
car_407,SSSSSSLR
car_421,L
car_422,SSL
car_423,SSLSSSSRL
car_424,LSSSSS
car_425,RR
car_426,SSSSSSRL
car_427,SSSSSRSSSLS
car_428,LL
car_429,SSSSSLSSSRL
car_430,SLS
car_432,LSSSSSS
car_431,SSSSSLSSSSRL
car_433,LSL
car_434,LSSSSSL
car_435,SSSRSSSSLR
car_436,SSSLSSSRL
car_437,SSSSSSS
car_438,LSL
car_439,SSSSRSLR
car_440,LL
car_441,SRS
car_442,LSSSSSRL
car_443,LSSSSSS
car_444,SSSSSRSLS
car_445,SSSSSLSSSSRS
car_446,RSSR
car_448,RR
car_449,SSSSSSS
car_451,SSSSSSS
car_450,SSSSSLSSSRS
car_447,SSSSSRSSLS
car_452,LSSSSSS
car_453,SSSSSRSSSSLR
car_454,RR
car_455,LSSSS
car_456,LSSL
car_457,SSSRSSSLR
car_458,SSSSSSS
car_460,SSSLSSSSSRL
car_459,SSSSSLSSSSRL
car_462,SSSSSRSSSSSLR
car_463,RR
car_464,SSSSSSLR
car_465,SSSRSSSLR
car_467,SRSSLR
car_468,SSSSSSLR
car_469,SSSSSSS
car_470,SRS
car_461,SSSR
car_466,RSSS
car_471,SSSSRS
car_472,SSSSSRSSLS
car_473,SSSSSRSSSLS
car_475,LSSL
car_476,SSSSSSS
car_477,SSSRSSSSLR
car_479,LSSSL
car_480,LSSSSS
car_481,RSSSSSS
car_482,SSLSSSSSRL
car_478,RSSR
car_474,SSLSSRL
car_483,RSSSSSS
car_484,SSSRS
car_485,RSR
car_486,RR
car_489,SSSSLSSSRL
car_490,RSSSLSSSSSRS
car_491,SSSSSSR
car_488,SSRSSSLR
car_487,LSL
car_492,SSSSSLSSSSRS
car_493,SSSRSSSSLR
car_494,SSSSSRSSSLR
car_495,LSS
car_496,RSSLR
car_497,SLSRL
car_498,RSLSSSSSRL
car_499,SSLS
car_500,RR
car_501,SSSSSLSRS
car_502,LL
car_503,SSSSSSR
car_504,SSRS
car_505,SSSRSSSSLR
car_506,SRSLR
car_507,SSSSSSS
car_508,SSSSRSSSLR
car_509,SSSSLSSSRL
car_510,SSSSLS
car_512,RR
car_511,SSSSSLSSRS
car_513,LSSSL
car_514,SSSSSSR
car_515,RSSSSSLR
car_516,SSSSSSLR
car_517,RSSSSS
car_518,LSL
car_519,RSSSLR
car_520,RSSSLR
car_521,LSSL
car_523,SSSSRSSSSLR
car_524,SSSSSSRSL
car_522,RSR
car_525,SSSSSSRS
car_526,LSSSL
car_528,SSSSSL
car_529,LSSSSL
car_530,SSSSSRSSSSLS
car_532,SSSSSRSSSLR
car_533,RSSSS
car_534,SRSSLR
car_536,SSSSSLSSRS
car_537,RSSLSSSSSRL
car_538,RSSSSSR
car_539,LSSSSSS
car_540,LSL
car_531,SSLSSSRL
car_535,SSSSSSS
car_527,SSSSSRSSSLS
car_541,LSSSSSRL
car_543,SSSSSLSRS
car_544,RR
car_545,SSSSSSRSL
car_547,SSLSSRL
car_548,SSSSSSRL
car_549,LSSL
car_550,LS
car_546,SSSSSLSRS
car_551,L
car_552,SSSSSSS
car_542,SSLSSSSSRL
car_553,LSSSSRSSSLS
car_554,SRSSSSLR
car_555,SSSSSRSSSSLS
car_556,LSRL
car_557,SLSS
car_559,SLSSSRSSSSLR
car_558,SSSSSRSS
car_560,SLSSSSRL
car_562,SLSSSRL
car_563,RSSSS
car_564,SSSSSRSSSLR
car_565,SSLSSRL
car_567,LSL
car_568,SSSSSSS
car_569,SLRSSSSLR
car_561,SRSSSSLR
car_566,SSSSSRSLR
car_570,SSSR
car_571,SSRSSLSSSRL
car_572,SSSSSSLS
car_573,SSSSSLS
car_574,SSSLSSSRL
car_575,RSSSR
car_576,SSSSSSLR
car_577,SLSRL
car_579,SLS
car_580,LSSSL
car_581,SSSSSL
car_582,LSL
car_578,SSRSSSSLR
car_584,RR
car_585,LRSSSSSLR
car_586,SSSSSRSSLS
car_588,RSSR
car_589,SSSSSLSRS
car_590,SSSLSRL
car_591,LSSL
car_592,SSSLS
car_593,RR
car_583,LSSSSRSSSSSLS
car_587,SSSSSSRSL
car_594,RR
car_595,RSSSSSS
car_596,LSSSL
car_597,SSRSLR
car_598,SSSSSSLR
car_599,SSSSSSRL
car_600,SSSSSLSSRL
car_602,SSSSSSRSL
car_603,RSSSLSRS
car_604,RSSSSLR
car_605,RSSSSR
car_601,RSSSS
car_606,SSSSSSLR
car_607,RSSSSSR
car_608,SSSSSRSSSSLS
car_609,SSSSRSSSSLR
car_610,LSSL
car_611,SSSSSSLS
car_613,SLSSSRSSSSLR
car_612,SSSSSSLS
car_614,LSSSSSS
car_615,LSSSSSS
car_616,RSR
car_617,SSSRS
car_618,RR
car_619,SSSSSLSSRL
car_620,LSSRL
car_621,SSSSLSSSRL
car_622,LSSSS
car_624,SRSSSSLR
car_625,RSSR
car_626,LSSSL
car_623,LS
car_627,LSSSL
car_628,L
car_629,SSRS
car_630,SSSSSRSSLS
car_632,RSSR
car_633,SSSSSSS
car_634,SLSSSRL
car_635,SSSSSSRL
car_637,RSSSSS
car_638,SLSSSSRSSSSLR
car_631,LSL
car_636,RSSSR
car_639,LSL
car_640,SSSR
car_641,SSSSSSS
car_642,LSSSRSSSSLS
car_643,SSSLRL
car_644,LSSS
car_645,SSSSSSRL
car_647,SLSSSS
car_650,SSSSRS
car_651,SSSSSLSSSSRS
car_646,SSSSRSLR
car_648,RSSSSS
car_649,SSLRL
car_652,SLSSSSRL
car_653,SSSSSRSSSSLS
car_654,RSS
car_655,SSSSSSRSL
car_656,RLSRS
car_657,SLSSSSS
car_658,SSSSSSRS
car_659,SR
car_660,LSSSSSRL
car_661,LSSSL
car_662,SSSSSSS
car_663,SSSSSLS
car_664,SLSSSRL
car_665,SSRSSSLR
car_666,SSRSSLR
car_667,LL
car_669,SSSSSLSSSRS
car_670,SLSSSRL
car_671,RR
car_672,SL
car_673,SSR
car_668,RSSSR
car_674,LSSSRSLSRL
car_675,RSSSSSLR
car_676,RSSSR
car_677,SSSSSRSSSSLS
car_678,RR
car_679,SSSRSSSLR
car_680,SSSSLSSRL
car_681,LSSS
car_682,LSS
car_683,SRSSSSLR
car_684,RS
car_685,LSSSSSL
car_687,SRSSSSLR
car_688,LSSSL
car_689,SSSSSRSSLS
car_690,RSSLR
car_691,SSSSSSS
car_692,SSSSSRSLR
car_693,LL
car_694,SSRSSSSLR
car_695,SSSSSSS
car_696,LSSSSSRL
car_686,RSSSSSLR
car_697,R
car_698,SSSSRS
car_699,SSSRSSSSLR
car_701,SSSSSSLR
car_702,RR
car_703,SSSSSSRL
car_704,LSRSLS
car_705,RSLR
car_707,SSSSSSRSL
car_708,SSSRS
car_700,SRSLR
car_709,SSSR
car_706,RSSSR
car_710,LSSSSL
car_711,L
car_712,SSSSSLSRS
car_713,SSSSRSLR
car_714,SRSSLRS
car_715,SRSSSLR
car_716,SSSLSSSRL
car_717,SSLSSSRL
car_718,SSSSSSRSL
car_719,SSSRSSSSLR
car_720,SLSRSSSSLR
car_721,SSSRS
car_722,LSSSRSSSSSLR
car_723,LSSSSL
car_724,L
car_725,SL
car_726,SRSSSSS
car_727,RR
car_729,RSR
car_730,SSSSSSS
car_731,SSRSSSLR
car_732,SSSSSRSLR
car_733,SSSSSSRL
car_735,LSSSSSL
car_728,SSSSSSRSL
car_734,SLSRSSSSLR
car_737,SSSSSLSSSSRL
car_739,RLSSSRS
car_740,LRL
car_741,SSSSL
car_742,LRSSSSLSSSRS
car_738,SSLSSSRL
car_736,SSSSSSS
car_744,SSSSR
car_745,L
car_746,SSSSSLSSRL
car_747,RSLR
car_748,SSSSLS
car_749,LSSSSS
car_750,SSSSSR
car_743,LSL
car_752,SSSSRS
car_753,SRSSSSLR
car_754,LRSSSSSLS
car_755,RR
car_756,RSS
car_757,RSSR
car_758,SRSSSSLSSSSRS
car_759,LL
car_751,SRSSSSSLR
car_760,SSSSRS
car_761,RLSSSSSRL
car_762,SSSLSRL
car_763,SLSS
car_764,SSSSSSLR
car_765,RSR
car_766,LSSSRL
car_767,RSR
car_768,SSSSSSRL
car_769,LL
car_770,LSSSSSL
car_771,SLSSSSRSSSSLR
car_772,SSRSSSSLR
car_774,LSSRSSSLS
car_775,RSSR
car_776,SSSRSSLR
car_779,RSSSR
car_780,RS
car_781,SSSSSSRL
car_782,LRSSSSLSSSSRS
car_773,SSSSSRSLR
car_777,RSR
car_778,RSSSR
car_783,SSSSSSL
car_784,LSSSSL
car_786,SSSSSSLR
car_787,LL
car_788,RSSSS
car_789,SSSSSSRSL
car_790,LSSSL
car_785,SSSLS
car_791,LSSL
car_792,RSR
car_793,SSSSSSLR
car_795,SSLSRL
car_796,SSSRSSLR
car_797,SSRSSLR
car_798,RSSSLR
car_799,SSLSSSRL
car_800,SSRSLSSSRL
car_801,RSSSR
car_802,LSL
car_803,SLSSSSRSSSSLR
car_794,SSSSLSSSRL
car_804,SRSSLSSSSRL
car_805,LSSSSRL
car_806,RSSR
car_807,SSSSSRSLS
car_808,SRSLR
car_810,LSSL
car_811,SSSSSLSSSSRL
car_809,SRSSSS
car_812,LSSSL
car_813,SSR
car_814,RSSSSR
car_815,RLSSSSSRL
car_816,LSL
car_818,LSSSL
car_819,RSR
car_820,SSSLSS
car_821,LSSS
car_822,SSSSSSRL
car_823,SSSSSSLR
car_824,SSSSRSS
car_825,SLSSSSRL
car_826,LRSSSSSLR
car_817,RSSR
car_827,SSSL
car_829,SSSSSLSSSSRL
car_831,LL
car_832,SSLSSSRL
car_833,SSSSLS
car_834,RSSR
car_828,RSLSSSSSRL
car_835,SSSSSRLR
car_830,RSR
car_836,LSSL
car_838,RLSSSSRSSLS
car_839,SSSSSSRS
car_840,SSSLRL
car_841,SSSSSSS
car_842,SSLSSRL
car_844,SRSS
car_846,SSSSSRSSSSLR
car_847,SSSSSSRL
car_848,LSSSL
car_849,RSSSSSR
car_837,SSSSSSL
car_845,SSSSRSSSSLR
car_843,LSSSRL
car_850,LL
car_851,SRSSSLSSSSRL
car_852,RSSSSR
car_853,RR
car_854,SSSSSSLR
car_855,SSSSLSSSRL
car_856,SSLSRL
car_858,SRSS
car_860,SSSSSLRL
car_861,SSSSRSSSSLR
car_862,SSSLSSSSRL
car_863,SRLSSSSRL
car_864,SSSSSSLR
car_857,SSSSSSLR
car_859,RSS
car_865,SLSSSSSRL
car_866,RSSSSSLR
car_868,SSSSSSRL
car_869,SSSSRSLR
car_870,SSRSSSLR
car_871,SSSRSSSLR
car_872,SSSSSRSSLS
car_873,RSLSSRS
car_877,SSSLS
car_878,SSSSSLSSSRS
car_880,SR
car_867,RR
car_874,LSSSS
car_879,SSSSSSRL
car_876,LRL
car_875,SLSSSRL
car_882,RLSSSSRSSSSLR
car_883,LSSSSS
car_884,SSSRSSSSLR
car_885,SLSSSRL
car_886,SSSSRSSSLR
car_888,LSSSS
car_889,SSSSSSS
car_890,LSSSSL
car_881,LRLSSSSRL
car_887,RR
car_891,RLSSSSRSSSSLR
car_892,LSSSSL
car_893,SSSSSSS
car_894,SSSSSSRS
car_895,SSSSSSLR
car_896,LL
car_897,SSSSSRSS
car_898,RSSLR
car_899,SSSSSLSSRL
car_900,LL
car_901,SSSSSSLSR
car_902,SSSLSSSSRL
car_903,SSR
car_904,LRSSSSSLR
car_905,SSSSSSR
car_906,SLSSSSRL
car_908,LSSL
car_909,SSRSSSLR
car_912,SSSSSSS
car_913,SSSSSSS
car_914,SLSRSSSSLR
car_915,SLSSSRSSSSLR
car_907,SSSSLSSSSRL
car_910,LSL
car_911,RSSSS
car_916,LRSSSSLSSRS
car_917,RLSSSSRSSSSLR
car_918,SSSSSL
car_920,LSL
car_921,LSS
car_922,LSRSSSSSLR
car_925,SSSSSSRSS
car_927,SSSSSSRSL
car_928,SSLSSSSRSL
car_929,SSSRS
car_930,RSSSR
car_931,SSSR
car_926,SRLSSSSRL
car_924,SSSSLSSSRL
car_932,SSSSSLSSSSRS
car_919,SLRSSSSLR
car_923,SSSSSLSRL
car_933,LSSSSSL
car_934,RLSSSSSRL
car_935,SSSSSLSSRS
car_936,LSSL
car_937,RSR
car_938,SLSSS
car_940,LSSL
car_941,SSSSSSLS
car_942,LRL
car_944,RSSSR
car_945,SLRSSSSLR
car_939,SSSSSLSRS
car_943,SSLSSSRSSLS
car_946,RLSSSSRSSSSLR
car_947,SSSSSSRS
car_948,SRSSSSS
car_949,SSSSSLSRS
car_950,SSSSRSSSLR
car_954,SSSSSLS
car_955,SSSSSLSSRS
car_956,RLSRSSSSLR
car_957,LSSSSSS
car_951,SSSSSLSSRL
car_953,SSSSLSSSRL
car_952,SSSSSSLSR
car_958,SSSSSSR
car_959,SSSSL
car_960,RR
car_961,SSRLSSSRL
car_962,SSSSSLSSSRL
car_965,SRSSLSSSSRL
car_966,RSSR
car_967,SSSSRS
car_968,SSSSSSL
car_964,RSSR
car_963,RSSR
car_969,LRSSSSSLR
car_971,SSSSSSRL
car_972,SRSSSLSSSRS
car_973,SSSSRSLR
car_974,SLSSSS
car_975,SSSSSRSSSLS
car_977,SSSSSSRL
car_978,LL
car_979,SSRSLR
car_980,SSSSSSLR
car_970,RSSSR
car_976,LSSS
car_981,SR
car_982,RSSLSSSSSRL
car_983,RSSSSS
car_984,SLSSRSSSSLS
car_985,SSSRSSSLR
car_986,SSSSSSS
car_988,LSSSS
car_989,LS
car_990,SSSSSSS
car_987,LRSSSSLS
car_1000,SSLSSSSRL
car_1001,SRSSLSSSSRL
car_1002,SR
car_991,SSSSSSR
car_992,SRSSSSSLR
car_993,SSLSSSSRL
car_995,SLSSRSSSSLS
car_996,SSSSSLSSRS
car_997,LRSSSSSLR
car_998,SSSSSSLR
car_999,SSSSSSS
car_994,SSLS
car_1003,LSSSSL
car_1004,RSSSSS
car_1005,SSSSRSSSSLR
car_1007,RSSSR
car_1008,SLSSS
car_1009,RSSS
car_1010,LSL
car_1011,LSL
car_1012,SSSSSLSSSSRL
car_1013,SSSSSSS
car_1006,SLSSSS
car_1015,LSL
car_1016,SSSSRS
car_1017,SRSSSSLR
car_1018,SRSLSSSSRL
car_1019,SSLSSRL
car_1020,SSSSSSRL
car_1021,RSSSR
car_1022,SSSLSSSRL
car_1024,LS
car_1025,RSSR
car_1026,LSSSSSRL
car_1014,LSSSSL
car_1023,SSLRSSSLR
car_1027,SRSSSLSSSSRL
car_1028,SSRS
car_1029,SLSSSRSSSSLR
car_1030,RSSSSLR
car_1031,RSSSSLR
car_1034,SSLSSRL
car_1035,SSSSSLSRL
car_1037,RSSSLSSSRS
car_1039,LRSSSSSLR
car_1032,SSSSSLSRS
car_1038,RR
car_1033,RSSS
car_1036,SSSSSSRL
car_1040,LRLSSSSRL
car_1041,RSSSSSR
car_1042,SSSSSRS
car_1043,RLSSSSSRL
car_1044,LSL
car_1046,LSSS
car_1047,LSS
car_1048,SSSSSRSS
car_1049,LRSSL
car_1050,SSLS
car_1051,SLSRSSSSLR
car_1052,SSSSSSS
car_1053,RSSR
car_1054,LSSSSSRL
car_1045,LL
car_1055,LRSSSSSS
car_1056,RSSSSSR
car_1057,LSS
car_1058,SSSSSLSRL
car_1059,RR
car_1061,SSSL
car_1060,SLSSSSRL
car_1062,SRSSSSLSSSRS
car_1063,RLSSRSSSSLR
car_1064,LSSSSS
car_1065,SLSSRSSSSLR
car_1067,RSSLR
car_1068,LSSSSL
car_1069,SLSSSSRL
car_1066,RSR
car_1070,SSSSL
car_1071,LSRSSSSLSRS
car_1072,R
car_1074,SSSSSRSSSSLS
car_1076,SSSSSSLR
car_1077,SSSRSSSLR
car_1079,SSSSSSLR
car_1080,SSSSSSRL
car_1081,SLS
car_1075,LRSSLSSRL
car_1082,SSSSSLSSSSRL
car_1073,SSL
car_1078,RR
car_1084,SSSSSSRL
car_1085,SSSSSRSS
car_1086,SRLSSSSRL
car_1087,SLSSRSSSSLR
car_1088,SSSSR
car_1083,SR
car_1090,SRSSSSLSSSSRS
car_1091,SRSSSSLR
car_1092,RLSSSSSRS
car_1093,SSSRSS
car_1094,LSSS
car_1095,LSL
car_1096,RR
car_1097,RR
car_1098,LL
car_1099,RR
car_1100,SRSSSLSSSSRL
car_1089,SLSSSRSSSSLR
car_1101,RLSSSSRSSSSLR
car_1102,RR
car_1103,SSSSSSLR
car_1104,LSSSL
car_1105,RSSS
car_1106,LSL
car_1107,SSSSSLSSRS
car_1108,SRSSSLSRS
car_1109,SSSSSRSSSLS
car_1110,RS
car_1111,LSSSSL
car_1112,SSSSSLSSRS
car_1113,LSSSSRSSSSSLR
car_1114,SSSRSSSSLR
car_1115,LL
car_1116,SSSSSLSSSRS
car_1118,SSSSLSS
car_1119,LSSSL
car_1120,LS
car_1121,RLSSSSSRL
car_1122,RSR
car_1117,SSSSSSS
car_1123,LSL
car_1124,SSSSSSLR
car_1125,SSSSLS
car_1126,SLSRL
car_1127,SSSSSLSSRS
car_1128,SSSSSSS
car_1130,LSL
car_1131,LL
car_1132,SLSSSSRL
car_1133,SSSSSSRL
car_1129,LSL
car_1134,R
car_1135,SRSSSLSSSSRL
car_1136,SSL
car_1137,SSLS
car_1140,SSSSRSLR
car_1141,RSSR
car_1142,SSSSRSSSSLR
car_1143,LSSSSRL
car_1144,SSSSSSS
car_1139,SSLSSRL
car_1138,LSL
car_1145,SSSSSSS
car_1146,RLSSSSRSLS
car_1147,RLSSRS
car_1148,RSSR
car_1149,SSSSSRSLS
car_1152,SSSSSSS
car_1153,RSSR
car_1155,SRLSSSSRL
car_1151,LSSSRL
car_1154,SSSSSLSSSSRS
car_1150,SSSSSSS
car_1156,SSSSR
car_1157,RSSSSSR
car_1158,RSR
car_1159,LSSSSS
car_1160,RLSSRSSSLR
car_1162,RR
car_1163,SSSSSLSRS
car_1164,SRSLSSSSRL
car_1165,SSLSS
car_1166,LSSSL
car_1167,SRSSSSLR
car_1169,SSSSSSRS
car_1170,SSSSSSRL
car_1161,RSR
car_1168,SRSSSSLR
car_1171,LSL
car_1172,SLSRSSSSLR
car_1173,SSSSSSLR
car_1174,SSSSLSRL
car_1176,SSSSSSLR
car_1178,SSSSSLSRS
car_1179,SSSSLSSSRL
car_1180,RR
car_1182,LSSSL
car_1183,SSSR
car_1175,RSR
car_1177,RR
car_1181,SSSSSSLR
car_1184,LSSL
car_1185,LSSSL
car_1186,RLRS
car_1187,SSSSSLSRL
car_1190,SSSSSLSRL
car_1191,SSSSSLSSRS
car_1192,SRS
car_1193,SLSSSRSSSSLR
car_1194,SSSSSR
car_1188,SLSSS
car_1189,SSSSSSLR
car_1195,LSSL
car_1196,SSSSRSSSSSLR
car_1197,SSSSRSSSSLR
car_1198,RSSR
car_1199,SSSSLSRL
car_1200,SSSSLSSRL
car_1201,LL
car_1202,SSSSRSSSLR
car_1204,LS
car_1205,RLSSSSRSSSLR
car_1203,LL
car_1207,LSSSSL
car_1209,LSSSL
car_1210,SSSSSRSSSSLR
car_1211,SSSSSSS
car_1212,SSRSSSLR
car_1214,RSR
car_1215,SSLSSSRL
car_1217,SSSSRSSSSLR
car_1219,SSSSSLSSSRS
car_1220,LSSSL
car_1221,LSSL
car_1218,SRSSSLSSSRS
car_1206,SSSSSLSSRS
car_1208,SSSSSSRL
car_1213,SSSSSSLR
car_1216,SSSSSLSRS
car_1222,SSSLSSSSSRL
car_1223,RLSSSSRSLS
car_1224,SSSLSSSSRL
car_1225,SSSSSRSSSSLS
car_1226,RSSSSLR
car_1227,SLSSSRL
car_1228,SSRSSSLR
car_1229,SSSSSLSRS
car_1230,SSSSSLSSSRL
car_1231,RSSR
car_1232,SSSSSSRL
car_1233,RS
car_1234,LL
car_1235,SR
car_1236,R
car_1237,RSSSSSS
car_1238,SSSSSSS
car_1239,SSSSSRSSSSLR
car_1241,SSRSSSLR
car_1242,SSSSRSSSLR
car_1244,SRSSSSLR
car_1245,SSSSSSLR
car_1246,SSSSSLSSSSSRS
car_1240,RSS
car_1243,LSSSRL
car_1248,RSSR
car_1249,SSSSRS
car_1250,SSSSSRSSSSLS
car_1251,LS
car_1252,LRSSSLSSRL
car_1253,LSS
car_1254,LS
car_1255,SSSSSSLR
car_1256,SSSSSSS
car_1257,SLSSSSSRL
car_1247,RSLSSSSSRL
car_1258,SSR
car_1259,SR
car_1261,SSSSSRSLS
car_1262,RSS
car_1264,SRSSSS
car_1265,SSSSSRSSSLR
car_1266,SSSSLSSSRL
car_1267,RSSSSR
car_1260,LL
car_1263,SSSSSSLR
car_1268,SSSSSR
car_1269,RSSLSSSSSRL
car_1270,RR
car_1272,SSSSSSLR
car_1274,SSSSLSRL
car_1275,SSSSSSRL
car_1276,RSS
car_1277,SLS
car_1278,SSSSSSLS
car_1273,LSL
car_1271,LS
car_1279,RR
car_1281,LSSSS
car_1282,RR
car_1283,RSSLR
car_1285,SSSSSSLR
car_1286,RLSSSSSRS
car_1288,RSR
car_1289,SSSR
car_1284,SSSLSSRL
car_1287,RLSSSRSSSLR
car_1280,RLSSSRS
car_1290,SSSSR
car_1291,SSSL
car_1292,SRS
car_1293,RSSSSLR
car_1295,RR
car_1296,LSRSSSLS
car_1297,SSSSSSLR
car_1298,SSSSSLSRS
car_1299,RLSSSSSRL
car_1294,SSSSSRSSSLS
car_1300,LSL
car_1301,SSSSSSLR
car_1302,RSR
car_1303,SSSSSSRL
car_1304,SSSSSSLS
car_1305,SSSSSSS
car_1306,SLSSSS
car_1309,SRLSSSSRL
car_1310,LSRSSSSLS
car_1311,RSSR
car_1312,RR
car_1313,SSSSSLSSSRS
car_1314,RSSSSR
car_1315,RR
car_1317,SSSSSR
car_1316,SRSSSSLSSSSRS
car_1308,SSSSSSLR
car_1307,SSRSSSLR
car_1320,SSSSRS
car_1321,RLSSSSSRL
car_1323,SSLSRL
car_1324,LL
car_1326,SLSSSRL
car_1328,SSRSSSSLR
car_1329,SSSSSLSSSRS
car_1330,SRSSSSLSSSSRL
car_1331,SSSSSSLR
car_1332,SSSSSSR
car_1318,SSL
car_1319,RSSSSLSSRS
car_1325,RSSR
car_1322,LSSSRL
car_1327,SSSSLS
car_1333,LSRSSSSSLR
car_1334,RSSR
car_1335,SSSSSSS
car_1336,SSSSSLSSSSRS
car_1337,RSSSSS
car_1338,RSSR
car_1339,SSLSSSRL
car_1340,SSSSSSLR
car_1341,SSSLSRL
car_1342,SSSRSS
car_1343,SSSSSRSS
car_1345,RSSSSLR
car_1346,SRS
car_1347,LSSL
car_1344,RSSSSR
car_1349,LRSSSSSLR
car_1351,SSSSSLSSRS
car_1352,LL
car_1353,SSSSSSRL
car_1356,SRSSSSLR
car_1357,LSSSL
car_1348,LSRSSSSSLR
car_1350,SLSSSSRL
car_1354,RSLSSSSSRS
car_1355,SRSS
car_1358,LSSSSL
car_1360,RSSSR
car_1361,SSSSLRL
car_1362,SSSSSLSSRS
car_1363,LSSSL
car_1364,SSSSSSRL
car_1365,SRSSSLR
car_1366,SSSSSLSS
car_1368,RSLSSSSSRL
car_1369,RS
car_1370,SSSSSSRSL
car_1359,LSSSSSL
car_1371,SSSSSSS
car_1367,SSLRL
car_1372,RSSSSSR
car_1373,SSSSSLSSSSRL
car_1374,RSSR
car_1375,SSSSSSRL
car_1376,LSL
car_1377,LSL
car_1378,RSR
car_1380,SSSSLSSSRL
car_1381,LSSRSSSSSLS
car_1382,SRSLSSSSRL
car_1383,RSSSSR
car_1379,RSSR
car_1384,SSSSSR
car_1385,LSSL
car_1386,RSSSSSR
car_1387,SLSSSS
car_1388,RSR
car_1389,SLSSRL
car_1390,LSSL
car_1391,SSRSSSLR
car_1392,SSR
car_1393,SRS
car_1394,LSSL
car_1395,RSSSSS
car_1396,LL
car_1399,LSL
car_1400,SSSSLSSSRL
car_1401,SSSSSSLR
car_1402,SSSSSLSRS
car_1403,LRSSSSSLR
car_1397,SSLSSS
car_1398,RSSR
car_1404,SSSSSLSSSRS
car_1405,SR
car_1407,RSSSSS
car_1408,RSS
car_1409,RSSR
car_1410,RSR
car_1411,SLSSSS
car_1412,SSSSSRSLS
car_1413,RSSSLSSSSRS
car_1414,LSSSSL
car_1415,RSSSSSS
car_1416,LRSSSSSLR
car_1406,SSRS
car_1417,LSSSSL
car_1418,LSSSSL
car_1419,LS
car_1420,SSRSSSLSSSRS
car_1421,SSLSSSRL
car_1422,LSL
car_1423,SLSS
car_1424,SSRSSSLR
car_1425,LSL
car_1426,SSSSSSLR
car_1427,SSSSSSLR
car_1428,RS
car_1429,SSSSSSRL
car_1430,LL
car_1431,SLSS
car_1432,RLSSSSSRL
car_1433,SSSSSSRSS
car_1434,SSSSLSSSRL
car_1435,RSSSSR
car_1437,SLSSSSRSL
car_1438,SL
car_1439,LSSSSRSSSSSLS
car_1436,LL
car_1440,L
car_1441,SSSSSLRS
car_1442,SSSSSRSLS
car_1445,SSSSSRSSSLS
car_1446,LSS
car_1447,LL
car_1448,LRSSSSSLR
car_1452,SSSRS
car_1443,SRSSSSLR
car_1444,LSL
car_1450,LL
car_1449,LSSSS
car_1451,RSSSSR
car_1453,RR
car_1455,SSSSSLSSSSRL
car_1456,SSSSSSS
car_1457,SSSSSRSLS
car_1458,SSSSSLSSRL
car_1459,SSSSSRSSSLS
car_1460,SSSLSSSRL
car_1463,RLSSSSRSSSSLR
car_1464,LSSRSSSSSLR
car_1454,RSSLSSSSSRL
car_1462,SLSSSSRL
car_1461,RSSR
car_1465,LSSSRLS
car_1466,SSSRSSSSLR
car_1467,SSSSSLSSRS
car_1468,SSSSLSRL
car_1469,SSSSRSSLR
car_1470,SSSSSSLR
car_1471,RLRS
car_1472,RSSSSS
car_1474,RR
car_1473,SSSSSLSSSRS
car_1475,RSSSSLSSSSRS
car_1476,SSSSSRS
car_1477,SSRSLSSSRL
car_1478,SSSSRSSSSLR
car_1479,LL
car_1481,SSSSSSS
car_1484,LSRSSSSSLR
car_1485,SSRSSSLSSRS
car_1486,LRL
car_1487,LL
car_1488,LSSSRSSSSSLR
car_1480,LL
car_1483,RLRS
car_1482,LSL
car_1489,SSSSSSRL
car_1490,SSSSRSSSSLR
car_1491,RSSSS
car_1492,SSSSSRSSLS
car_1494,SSRSSSLSSSRL
car_1496,SR
car_1495,RSSSSR
car_1493,RR
car_1497,SSSSSSRL
car_1498,SLSSSS
car_1499,SSSSSLSSSRL
car_1500,SSSSSSLR
car_1501,LSSRL
car_1502,LRLS
car_1503,SSSSSSRL
car_1504,SSRSS
car_1505,RSSSSR
car_1506,RSSSLSSSSSRS
car_1507,SSSSSLSSSRS
car_1508,LSRSSSSSLR
car_1509,SR
car_1510,SRSSSLSSSSRL
car_1511,SSSSSRS
car_1512,LL
car_1513,SLRL
car_1516,SSRSLR
car_1517,SSSSRSLR
car_1519,RSLSSSSSRL
car_1515,RR
car_1518,RSSSSS
car_1514,RSS
car_1520,SSSSSRS
car_1521,SSR
car_1522,SSSSSSRL
car_1523,SSSSSRSSSLS
car_1526,SSSSRSSLR
car_1527,RSR
car_1528,SSSSLSRL
car_1530,LSSRSSSLS
car_1531,RSSSSLR
car_1532,RS
car_1533,SSSSSRSSSSSLR
car_1525,SRSSSLR
car_1529,RR
car_1524,SSSSSSRL
car_1534,SSSSSLSSSRS
car_1535,LS
car_1536,SSSLSSSRL
car_1538,SLSSS
car_1539,RSSR
car_1540,LL
car_1541,SLSSSRSSLS
car_1542,SSSSRS
car_1543,LL
car_1537,SSRSSS
car_1544,SSSSSSL
car_1545,SSRSSSSLR
car_1546,SSSSSSRL
car_1547,RLSSRS
car_1548,SSSSSSRL
car_1549,LSL
car_1550,RSR
car_1551,LSRSSLSSRL
car_1552,SSSSSRS
car_1553,SSSSSLSSSSSRS
car_1554,LSSSSL
car_1555,SSSSSLSRS
car_1556,SRSSSSSLR
car_1557,SSSRSSSSLR
car_1558,SLSS
car_1559,SSSSSSS
car_1560,SSSSSLSSRL
car_1561,SLSS
car_1562,SSSSSLSSSRS
car_1563,SRSSSSLR
car_1564,SSSLS
car_1565,LSSSSRL
car_1566,SSSSRS
car_1567,LSRSSSSSLR
car_1568,SSSSSR
car_1569,SSSR
car_1570,SSSSSSS
car_1571,SSSSSRSSSSLR
car_1572,LRSSSSLS
car_1573,LSL
car_1575,SSSSSSLS
car_1576,SSRSSSSLR
car_1577,SLSSSSSRL
car_1574,SSLSSRL
car_1578,LSSSSSRL
car_1579,SSRSSSSSLR
car_1580,SSSSSSS
car_1581,SSSSLS
car_1582,SSSSLSSSRL
car_1586,LSSS
car_1587,RR
car_1588,LSRSSSSSLR
car_1590,L
car_1591,LSSSSRSSSSSLR
car_1583,SRSSSS
car_1584,SSSSSRSLS
car_1585,RSR
car_1589,RSSSSS
car_1594,RSSSSSS
car_1595,LL
car_1597,SSSSSSRL
car_1598,RSSSR
car_1599,SSLSSRL
car_1600,SSSLSSRL
car_1601,SRLSSSSRL
car_1602,SSSRSSSLR
car_1603,LRSSSSSLR
car_1604,LRSSSSSLR
car_1606,SSSSSSLR
car_1607,SSSSSSLR
car_1608,SRSSSSLSSSRS
car_1609,LSSL
car_1593,RR
car_1596,LL
car_1592,LSSSSSL
car_1605,RSSR
car_1610,SSSSSSLR
car_1611,SL
car_1612,RSSSSS
car_1614,LSSL
car_1615,RSSS
car_1616,RSR
car_1617,SLSSRSSSSLS
car_1618,RR
car_1619,LRSSSSLSSRS
car_1620,LL
car_1613,SSSSSRSSSSLR
car_1621,LSSSL
car_1622,SSSSSSL
car_1623,RSSSSLSSSSSRL
car_1624,SSRSSSSLR
car_1625,SSSLS
car_1626,SSSSSSRL
car_1627,SRSLSSSSRL
car_1628,LSL
car_1630,SSSSSSRL
car_1631,RSSSS
car_1632,SLSRSSSSLR
car_1634,SSRS
car_1635,SSSSSSS
car_1629,LSRSSSSSLS
car_1633,LSL
car_1636,SSSSR
car_1637,SRSSSSSLR
car_1638,SSSSSLSSSRS
car_1639,SSSSSSS
car_1640,SSRSS
car_1646,SSSSSRSSSSLR
car_1647,RSSSSLR
car_1648,RS
car_1641,RSSSR
car_1643,SSSSLSSRL
car_1642,LSSS
car_1644,SSSSSLSSSRL
car_1645,SSSSSSRL
car_1649,SSSSSSR
car_1650,SSR
car_1651,RSSLSSSSSRL
car_1652,SRS
car_1653,SRSSSLSSSSRL
car_1654,SLS
car_1655,LSSSS
car_1656,RSSSS
car_1657,RLSSSSSRSL
car_1658,SLRSSSSLS
car_1659,SSSSSLSSRS
car_1660,RSSSSR
car_1661,SSSRSSSSLSSRL
car_1662,SSSSSSS
car_1663,SSSLSSSSSRL
car_1664,RSLSSSSSRL
car_1665,LRSSSSLSSSRS
car_1666,RSS
car_1668,SRLSSSSRL
car_1670,SSSSSRSSSLR
car_1671,SSSSSSS
car_1673,SSSSSSS
car_1674,RSSR
car_1675,LSSSRSSSSSLR
car_1667,LRSSSLS
car_1669,RSSLR
car_1672,SSSSSSLS
car_1676,RSSSSSR
car_1677,LRSSSSSLR
car_1678,RSSSS
car_1681,SSSSSLSSSRL
car_1682,SRLSSSSRL
car_1683,SSSSSRS
car_1684,SSSSSSL
car_1679,SSSSSSS
car_1680,SRSSSS
car_1685,SSSSSSLR
car_1686,RLSSSSSRL
car_1687,RLSSSSSRL
car_1688,SSSSSLSSSRS
car_1689,RSR
car_1690,SSSSSLSSSRS
car_1691,SLRSLS
car_1692,RSSR
car_1693,SLSSRL
car_1694,SLSRL
car_1696,RR
car_1697,LL
car_1698,SSSL
car_1699,LRSSSSLSSSSRL
car_1695,SSSSSRSSSLS
car_1700,LSSL
car_1701,SSSSSSS
car_1702,SSSSRS
car_1703,RSR
car_1704,LSL
car_1705,SSSSSLSRL
car_1709,SSSSSLSRS
car_1710,SSRSSSLSSSRL
car_1711,SSSLS
car_1712,LSSSSRL
car_1713,LRSSSLSSSSRL
car_1706,SSSLSSRL
car_1708,SSSSSLSSRS
car_1707,SSSSLSRL
car_1714,RSSSSR
car_1715,LL
car_1716,SSSLSSSSRL
car_1717,SSRSSSSLR
car_1718,SSRSSSSLR
car_1719,RSS
car_1720,SLRSSSSLS
car_1722,RSSR
car_1723,LRSLS
car_1724,RSS
car_1725,SSSSSRS
car_1721,SRSSSS
car_1726,SSSSR
car_1727,SSLSSSSRSSLS
car_1728,SSSSSL
car_1730,SSSLSSSRL
car_1732,LSSL
car_1733,RLRSS
car_1735,LSSSS
car_1736,SSSSSLS
car_1737,LRSSSSLSSSRL
car_1738,SSSSSSRL
car_1739,RSSSSSR
car_1740,SR
car_1731,SLRSSLS
car_1734,LL
car_1729,LS
car_1741,LRSSSSLSSSSRS
car_1742,RSSSSSR
car_1744,RSSR
car_1746,SSSSSLSSSRL
car_1748,SSSRSSLR
car_1750,SSSSSSRS
car_1747,RSSR
car_1751,LRSSSLSSSSRL
car_1745,RLSSSRS
car_1743,RSSR
car_1749,LSL
car_1752,SSLSRSSSLR
car_1753,RSLRSSSLR
car_1754,SRS
car_1755,SRSSSLSSSRS
car_1756,SSSSLSSSRL
car_1757,SSSLSS
car_1758,LSSL
car_1759,LSS
car_1760,LSL
car_1761,SSSSSLSSSRS
car_1762,SSSSSSS
car_1763,RSSSR
car_1764,RSSSSSLR
car_1765,LSSSL
car_1767,LRSLSSSSRL
car_1768,SSSSSSLR
car_1769,SSSSSSLR
car_1770,SSSSSLSSSRL
car_1771,LL
car_1773,SSSSSRSSLS
car_1774,SSLSSSRL
car_1775,SSSSLSSSRL
car_1776,RR
car_1778,LL
car_1779,SR
car_1772,SSSSSRSSSLR
car_1766,SSLSSSSSRL
car_1777,SSSSSSLS
car_1780,LSSSSSL
car_1782,SSSSL
car_1783,SL
car_1784,LSSSL
car_1785,LS
car_1786,LSSL
car_1787,SSSSSSS
car_1788,LSL
car_1789,LSL
car_1791,SLSSSRSSSSLS
car_1792,LSSL
car_1781,SSSSSSLR
car_1793,LRSLSSSSRL
car_1790,RR
car_1795,SSSSSLSSSRS
car_1797,LSL
car_1798,SSSSSSRSL
car_1799,SSSSRSSSLR
car_1800,RSR
car_1801,RSSSSR
car_1802,RR
car_1804,SSSSSSL
car_1805,LSRSSSSSLR
car_1806,LRSSSSSLR
car_1803,SSSRS
car_1794,RSSSSR
car_1796,RSSR
car_1807,LSSSSL
car_1808,RSSR
car_1809,RLSSSSSRL
car_1810,SRSSSLSSSSRS
car_1811,SSSSSSS
car_1812,SRSSSLR
car_1813,SSSSSSLSR
car_1814,SSSLSSSRL
car_1818,SSSSRS
car_1819,RSSSR
car_1816,LS
car_1817,LRSSLSSSRL
car_1815,SRSSSSLR
car_1820,LSSL
car_1821,RSSSSLR
car_1823,RLSSSRS
car_1824,LL
car_1825,SSRSSLR
car_1826,RLSSSSRSSLS
car_1828,SSLS
car_1829,RSSSSSLR
car_1830,LSSSRSSSSSLR
car_1827,SSSSSLSSSRL
car_1822,SSSSSRSSSSLR
car_1831,LRSSSSSLR
car_1833,LSSSL
car_1834,LSL
car_1835,SSRSSSLR
car_1836,SSSSSRSSLS
car_1837,SSLSSRL
car_1838,SSSSSLSRS
car_1840,SRSSSSLR
car_1841,LSSSSL
car_1843,LSRSSSSSLR
car_1839,LS
car_1842,RR
car_1832,RSR
car_1846,RSSR
car_1847,RR
car_1848,RR
car_1849,SSSSSLSRS
car_1850,SLSSRSSSSLS
car_1851,SSSSSLSSRS
car_1852,RR
car_1853,SSSSLSSSSRL
car_1854,SSRSSSSSLR
car_1855,LSSL
car_1845,RSLR
car_1844,SSRSSSLSSSRL
car_1856,SLSSSSSRL
car_1857,LSSSSL
car_1858,SSSSSLRS
car_1859,SSSSSLSSRS
car_1860,RLRSSS
car_1862,SSSSSLSSSRS
car_1863,SSSLSSSRL
car_1864,LRSSSSLSRS
car_1865,SSSSSLSRS
car_1861,SSSSSRSSLS
car_1866,SSSSSSRL
car_1868,SL
car_1869,LRSLSSSRL
car_1870,SSSSSRSLS
car_1872,SSSSSSLR
car_1874,SRSSSLR
car_1876,RLRSSSLR
car_1877,RR
car_1878,SSSLSSSSSRL
car_1879,LSSSSSS
car_1875,SSSSSSLR
car_1871,SSSSRSSSSLR
car_1873,SSSSSLRS
car_1867,SLSSSSSRL
car_1880,SSSSSSRL
car_1881,SRSSSLR
car_1882,RSSS
car_1883,LSL
car_1884,SSSSLSSSSRL
car_1885,SSSSSLSSRS
car_1886,LRSSSSLSSSSRL
car_1887,LSSSSSRL
car_1888,LSSSSL
car_1889,SSSSSRS
car_1891,SSSSSSRL
car_1892,LSSL
car_1893,SSSSSLSSRS
car_1894,SSSLSS
car_1895,LSS
car_1896,SSSSSSS
car_1897,SSSSSRSSLS
car_1898,SSSSSLSSRS
car_1899,LRL
car_1900,RSSR
car_1901,RLSSSRSSSSLR
car_1890,SSSSSSRL
car_1902,LSSSSL
car_1903,SLSSSSRSLS
car_1905,SSSSSSRL
car_1906,SSSSSSS
car_1907,RSR
car_1909,RSSSLR
car_1911,RR
car_1913,LSRSSSLSSRL
car_1910,SRSSSS
car_1908,SSSSSLSSSRL
car_1912,SSSSSLSSSRS
car_1904,SSSSSLSSSSRS
car_1915,LSSL
car_1916,SSSRSSLSSRL
car_1917,SSSSRSS
car_1919,SRSLRS
car_1920,SSLSRL
car_1921,SSSSSLSRS
car_1922,RLSSSSSS
car_1923,SSSSSLSSSRS
car_1924,RR
car_1925,SSSL
