car_id, path, estimated_travel_timie
car_0,LSSSSSSS
car_1,SL
car_10,RLRLSSRLSRLS
car_11,SSSSSSSS
car_12,LRSSSSSSS
car_13,RSSSSSR
car_14,SSSSSSL
car_15,LSSSSSSS
car_16,LRLRLRLRLRLRLRL
car_17,LSSSSSSS
car_18,RSR
car_19,LRLRLRLRLRLRSL
car_2,LSSSSL
car_20,LSL
car_21,SLRL
car_22,LRLRLRLRSSSS
car_23,SLRLRLRLRSSS
car_24,RLRLRLRS
car_25,SSSSSSSS
car_26,RLRLRLSSSRLS
car_27,RSSR
car_28,LSSSS
car_29,RSSLRSS
car_3,LRLRLRLRLRLRL
car_30,RLSRLSR
car_31,LRLRLRLRSLRSS
car_32,RLRLSRLSRLRLS
car_33,SSSSSSL
car_34,RLRLRLRSSSS
car_35,SSSSR
car_36,LSL
car_37,SSRLRLRLRLRLRL
car_38,LRSLRLRSSSS
car_39,LSSSSL
car_4,LRLRLRLRSSL
car_40,LRLRL
car_41,LSL
car_42,RR
car_43,LRLRLRSL
car_44,RLSSSSSSS
car_45,RLSSRLRLSRLS
car_46,SSSRLRLRLRLS
car_47,SSSR
car_48,LRLSRLRLRLRLS
car_49,LRLRLSSSSS
car_5,SSSSSSRLS
car_50,LRLRLRSSSSS
car_51,RLRLRSSSSS
car_52,RS
car_53,LRLRSSSSSS
car_54,LRSSSL
car_55,SRLRLR
car_56,RSSR
car_57,SRLSSSSSS
car_58,RSSS
car_59,RR
car_6,RSSSS
car_60,RSSSS
car_61,LSL
car_62,SRLRLRSSS
car_63,SRLSRLR
car_64,SSSSSSRLRL
car_65,LRLRLRSSSSS
car_66,RLRLRLRLRLRLRLR
car_67,RSSSSSSS
car_68,LRLSSSSSS
car_7,LRLSRL
car_79,RLRLR
car_8,RLRLRLR
car_80,RSSR
car_82,RLSR
car_85,SSSR
car_9,LRLRLRSSSSS
car_100,RLSSSSSRLR
car_101,LRSL
car_102,LRSSSSSSS
car_103,SSSSRLRLRLRL
car_104,RSSSSSSR
car_105,LRLSSSSSS
car_106,LSSSSL
car_107,SSSSSSR
car_108,SSSL
car_109,SSSSSSL
car_110,LSSSSSL
car_111,RLSSSSSR
car_112,SSSSSSSRL
car_113,SRLSRLSSSR
car_114,RSSSR
car_115,SSSRLRLRLSR
car_116,RSSLSR
car_117,LSSL
car_118,RLSRLRLRS
car_119,LSSL
car_120,LRLRLRSLRSSL
car_121,RSSSSR
car_122,RLRLSRLRLSRLRL
car_123,LSSL
car_124,RLRLSSSSSS
car_125,RLRLRLRLRSSS
car_126,LSSSSSL
car_127,LSSSL
car_128,SSSSR
car_129,LSSL
car_130,SSL
car_131,RLSSSSR
car_132,LRSLRLRSSSS
car_133,RLRLR
car_134,LSS
car_135,LL
car_136,SRLSRLSSSS
car_137,LRSSSSSSS
car_138,RSSSR
car_139,RLSRLSRLSSS
car_140,SLRLRL
car_141,RLSSSSSSS
car_142,RLRLSSRLSSRL
car_143,RLRLRLRLSRLSS
car_144,RR
car_145,SL
car_146,LSSL
car_147,LRLRLRLRLRLRSS
car_148,SSSSSR
car_149,RLR
car_150,LRSLRLRLRSSS
car_151,LRSSSSSSL
car_152,RLRLRSSSS
car_153,LSRLSRLRL
car_154,RLRLRS
car_155,RSLRLRS
car_156,SLRLRLRSSSL
car_157,RSSSS
car_158,LSRL
car_159,RLRS
car_160,LL
car_161,LRLRLRLRLRLRL
car_162,SSSSSSSS
car_163,SSSRLRLRLSRL
car_164,LRLRLRLRLRLRLRL
car_165,LRLRLRLRLRSSS
car_166,SSSSSR
car_167,LRLRLRSSSSS
car_168,LRLRLRSLRLRSS
car_169,RLSR
car_170,RSSSSR
car_171,LRSSSLRLRLRL
car_172,LSRLSS
car_173,LSSS
car_174,RSSSSS
car_175,LRLRLRSSSSS
car_176,RLSRLSSSSS
car_177,RSSSSSR
car_178,RSSSSR
car_179,R
car_180,SSSSSR
car_181,SSSSSSSS
car_182,LSSSL
car_183,LSSSL
car_184,RSLRSSSS
car_185,LRLRLSSRL
car_187,SLRLRLSRSL
car_188,RLRLRS
car_189,LRLRLRSSSSS
car_191,SSRLRLSSSR
car_193,LS
car_194,RLRSSSSSS
car_195,SSL
car_196,SSSSSSSR
car_69,LRSSLRSSSS
car_70,RR
car_71,RLSSSSSSR
car_72,LSSL
car_73,RLRLRLRLRLRLSR
car_74,RLRLRLRSS
car_75,LSSSS
car_76,SSSRLRLRLRLR
car_77,LRLRSLRSL
car_78,LRLRLRSSL
car_81,SLRSL
car_83,RR
car_84,SR
car_86,LL
car_87,SSSSSSR
car_88,RR
car_89,SRLR
car_90,SLRLRLRSSSS
car_91,LSRLRLRLRL
car_92,RLRLRS
car_93,LRLRSSSSSS
car_94,SLRLRLRSL
car_95,LRSSSSSSS
car_96,LSSL
car_97,RLRLRLSSSRLR
car_98,RR
car_99,SLRSSSSSS
car_186,LRSSSSSSS
car_190,RLRLRLRLRLSR
car_192,LS
car_197,R
car_198,SLRLRLRLRSLRLR
car_199,RLRLSRLRLRLRLRL
car_200,RLSR
car_201,LSSSSSS
car_202,SLRLRLRLRLRSL
car_203,RR
car_204,RLSSRLSSSS
car_205,RLRSLRLR
car_206,RSLRLRS
car_207,LSSRLRSL
car_208,LRLRSL
car_209,SRLRLRLSRLRLR
car_210,LRSSSSSSS
car_211,SSSSSRLRLRL
car_212,LRLRLRSLRSSS
car_213,LRLRLRLRLRLRLRL
car_214,LSRLSSSRLS
car_215,LRLRLSRLRLRL
car_216,RLSR
car_217,RSSSR
car_218,SSRLRLSSSS
car_219,RSR
car_220,RSSSR
car_221,RSLRSS
car_222,RSSLRS
car_223,RLRLRLR
car_224,RLRSLRLRS
car_225,LRLRL
car_226,SRLSSSSSRL
car_227,RR
car_228,RLRLRLRLRLRLSS
car_229,LRSSL
car_230,LRSLRLRLRLRSS
car_231,LSSSSSS
car_232,RLRSSSSSS
car_233,RSLRLRLRLRSS
car_234,SSSR
car_235,SLRLRLSRLRLRLRL
car_236,LRSLRSSSSLR
car_237,LSSSSSL
car_238,SSSSSL
car_239,RS
car_240,RR
car_241,RLSSSSSSS
car_242,LRSLRLSS
car_243,RLRLSRLRLR
car_244,RLRLRLRS
car_245,LSSS
car_246,LSSSL
car_247,LRLRLRLS
car_248,SSSSSRLRLS
car_249,LRLSRLSRL
car_250,RSLRLRLRLSRLSR
car_251,RSSSSSR
car_252,RLSSSSSSR
car_253,RSSSSSSR
car_254,RSSSSSSR
car_255,LRLSRLSSSS
car_256,SSSSR
car_257,LSSSSRLRLRL
car_258,LSRLRLSSSS
car_259,SRLSSSSSS
car_260,LSSSRLRLRL
car_261,SLRL
car_262,RLSSSRLSR
car_263,LRLRSSL
car_264,LRLRLRLRSL
car_265,SSRLRLRS
car_266,RLRSSLRS
car_267,RLRLRLRSSS
car_268,LS
car_269,LRLRLRLRLRLRL
car_270,SSSSSSSRL
car_271,SSSSSSSL
car_272,SSSSSSR
car_273,SSSSSR
car_274,SLRSSSLRLRLR
car_275,LRLRLRLRLRLRSS
car_276,RLRLRLRLRLRSS
car_277,RR
car_278,RLR
car_279,SSSSSSSS
car_280,LRSLRL
car_281,RSR
car_282,RSSR
car_283,LRLRLRSL
car_284,SSRLSSSSS
car_285,LRLRLRSLRSSS
car_286,SSLRLRLRLS
car_287,RSSSR
car_288,LSL
car_289,RLRS
car_290,RLRLRLRLSSRLS
car_291,SSSSSLRL
car_292,RLRLSSSSSS
car_293,SSSR
car_294,LRLRLRLRSSSS
car_295,SSSR
car_296,SLRSSSSLRS
car_297,RS
car_298,SLRSLRSL
car_299,RLRLRLR
car_300,LL
car_301,RSSSR
car_302,SSSSSRLSRL
car_303,LRLRL
car_304,SSSSSRLRLRL
car_305,LRL
car_306,RLSSSSR
car_307,RLSSSSSSS
car_308,RSSSR
car_309,LSRLSSRLRLRSL
car_310,R
car_311,LSSSL
car_312,SSSR
car_313,RLRLRLRLRLRLRLS
car_314,SSSSL
car_315,LRSSSSLRLRLR
car_317,LSSRLSRL
car_320,RSR
car_321,SSSSSSLRS
car_322,LSL
car_323,RLRLR
car_324,LRSL
car_325,SSSSSSSS
car_326,LRLRLRLRLRSLRL
car_327,RLSSSSSSS
car_316,LRSSSSSSS
car_318,SRLRLRLSSSR
car_319,LL
car_328,RSSSSSR
car_329,LRSSSSSSS
car_330,SSSSSSSR
car_331,SR
car_332,SSSSSR
car_333,RSLRLRLRLRLRS
car_334,LSSRLRLRLRL
car_335,LRLRLRLRLRSSS
car_336,LSL
car_337,RLSSRLSRLSS
car_338,RSR
car_339,LRLRLRSSSSL
car_340,LSRLS
car_341,RLSSRLRLRLR
car_342,RSSSSLR
car_343,RLSRS
car_344,LRSSSSL
car_345,LSSRLRLRLRSSSL
car_346,RSR
car_347,RLRSSSSSS
car_348,LSSRLRLRLRLRSL
car_349,SSSSSSSS
car_350,LRLRLRLSRLRSSS
car_351,LSSSRLSRL
car_352,LRSSSLRSSS
car_353,RSSSSR
car_354,SSSSSSSS
car_355,LSSL
car_356,RSSR
car_357,LSL
car_358,SLRLRSLRSSS
car_359,LRLSRLRSL
car_360,SLRLRSSL
car_361,RSLRSSSS
car_362,SSSSSL
car_363,RLRLRLRSSSS
car_364,LRLRSLRSSSS
car_365,LSSSSSL
car_366,LRLRLSSSSS
car_367,LRLRSLRLRLRLRLR
car_368,RLRLSSRLRLRLRSL
car_369,RLRLSRLRLRSLRS
car_370,LRLRLRLSRLS
car_371,RLR
car_372,RLRSSSSS
car_373,LRLRLRLRLRSL
car_374,RSSSSR
car_375,LSSL
car_376,LRLRLRLS
car_377,RLSRLSRLRLR
car_378,LRLRLRSSSL
car_379,RSSR
car_380,SSSRLRLSRLS
car_381,RSR
car_382,SSSSSSSS
car_383,RSSR
car_384,LSSSL
car_385,RLRLRLRLRLRSS
car_386,SSSSSSSR
car_387,LSSRLSSSS
car_388,R
car_389,LSRLSSSSS
car_390,SRLSRLRLRLRLRSL
car_391,RS
car_392,SLRSSSLRSS
car_393,SSSSSSSS
car_394,LSRLRL
car_395,RSR
car_396,RSLRLRLSR
car_397,RR
car_398,SSSSSSSS
car_399,RLRLRLRLSRLSS
car_400,LSSSSL
car_401,RR
car_402,RSR
car_403,SSL
car_404,RSSSR
car_405,SSR
car_406,LRSLRLRSSSS
car_407,LSSSL
car_408,LL
car_409,SSSSL
car_410,RR
car_411,LSSSRLRLRL
car_412,LSRLRLRSSSSL
car_413,LRLRSSSL
car_414,SSSSLRSSS
car_415,LRLRLRSLRSSLR
car_416,RLRLRLRLRLRS
car_418,LSSRLRLSSRL
car_419,LSSSSL
car_420,LRLRSSSSSS
car_421,RSSR
car_422,LSRLSRLSRL
car_423,LSSSSSS
car_424,RLRS
car_425,RSSLRS
car_426,LSSL
car_427,SSSSSSSS
car_428,LSL
car_429,RSSSSR
car_430,SLRLRLRLRLRSS
car_431,L
car_433,LRLRLRLRSLRLRS
car_434,SR
car_437,RLRSSSS
car_438,SLRLRLRLRL
car_439,RR
car_440,RSLRLRLSSR
car_442,SSSSSSSS
car_443,LRSSSL
car_448,RLRLRSSLRSS
car_449,SSSSR
car_450,LSRLRLRLRLRLRL
car_417,SSRLRLRLSSS
car_432,SSSSSL
car_435,LRLRLRLRSSSS
car_436,RR
car_441,LSSL
car_444,LRSSSSSSL
car_445,RLSSSSSSS
car_446,LSRLSSSS
car_447,RSSSSSSR
car_451,LSSSSSSL
car_452,LSSRLSSS
car_453,LSL
car_454,LL
car_455,RSSR
car_456,RSLRS
car_457,RSSR
car_458,LRLSRLRL
car_459,RSSSSR
car_460,LSS
car_461,SSSRLSSSS
car_462,LRSSSL
car_463,SLRSSL
car_464,SSSLRLRSLRS
car_465,RLSSR
car_466,SSL
car_467,SSR
car_468,LSRLSSSRLS
car_469,LRLRSSSSSS
car_470,LRLRLRLRLRLRSS
car_471,RLRLRLRLRLSRLRL
car_472,SSSSSL
car_473,RLSSSR
car_474,LSSSSSS
car_475,SLRSSLRSSS
car_476,RR
car_477,RLRLRS
car_478,RSLSSSSSSS
car_479,LSSL
car_480,RLRSS
car_481,RR
car_482,RLSSSSSSS
car_483,RSSSSSS
car_484,RLSSSR
car_485,RR
car_486,SSSSSSL
car_487,LSSSL
car_488,LRLSRLRLRLSRL
car_489,LSSL
car_490,R
car_491,SRLRLRLSSSS
car_492,LSSL
car_493,SLRLRLRLRLRSS
car_494,LRLRLRLRL
car_495,LSL
car_496,LRLRLRSSL
car_497,LRSSSLRLRSL
car_498,SSLRLRLRSL
car_499,RSR
car_500,LSS
car_501,RSSSR
car_502,RSSSSSR
car_504,RLRLRLRLRLRSS
car_505,RLRLRLRLRSLRLR
car_506,SSSSSSSS
car_507,LSSSSSL
car_508,LSRLRSLRLRLRSS
car_509,SSSSSSL
car_510,SSSL
car_511,LRLRLRLRLRSSS
car_512,RLSSSSSR
car_513,SSSSSSSS
car_514,RLRLRLRLSSR
car_515,RLSSSSSSS
car_516,RSSSLR
car_517,RSSR
car_518,RSLRLR
car_519,LRSSSSLRSS
car_520,RLRLRSSLRLR
car_521,SRLRLRLRLRLRLS
car_522,LSRLSRLRLRL
car_523,RSSSSR
car_524,LSSSRLSSS
car_525,SSSSSSR
car_526,RSSSR
car_527,SSSSRLSSR
car_528,LRLSRLRLRLRSL
car_529,RSLRSSSS
car_530,LRSSSSSSS
car_531,LRLRLRSLRLRSL
car_532,RLSRLRSLRLR
car_533,RLSSRLRLR
car_534,RSSSS
car_535,LSL
car_536,LRLRLS
car_537,LSSSS
car_538,RLRLSSSSRLS
car_539,LRSSSSSSS
car_540,LL
car_541,RR
car_542,SSSSRLSR
car_543,RLSSSSRLRLS
car_544,LRLRLRLRLRLRSS
car_545,SSSSSSSS
car_546,LRLRLRLRLRLRLRS
car_547,SSSSR
car_548,RR
car_550,LL
car_551,SSSSSSRLS
car_552,RLSSSRLSRLS
car_553,RSSR
car_554,SSSSSSSS
car_555,RLSRLRLRLR
car_556,RLRLSRLRLR
car_557,RLRLSRLSRLSR
car_558,LRLRLRLRSSL
car_559,SSSSSSRLRL
car_560,RLRLRLSRLSRLS
car_562,SSL
car_563,SSLRLRLRLRSS
car_564,LRLRSLRSSSS
car_503,RSSSSSS
car_549,LL
car_561,LRSSL
car_565,LRLRLRLRLRLRLRS
car_566,RSSSR
car_567,L
car_568,LSSRLRLRLS
car_569,LSRLRLSRLS
car_570,RR
car_571,RSLSSRLR
car_572,SSSSSSSS
car_573,LL
car_574,LRSSSSSSS
car_575,LRSSSSSSS
car_576,SSRLRLRLRLRLS
car_577,LL
car_578,RSSSSR
car_579,RLSSSSSSR
car_580,RLSSRLRLSSS
car_581,LRSLRSLRLRLRS
car_582,LSSRLSSSS
car_583,SSSSSR
car_584,SSL
car_585,LSSSSSL
car_586,RS
car_587,SSSSRLSRLR
car_588,SSLRLRLSS
car_589,RSR
car_590,LRLSS
car_591,RR
car_592,RLSRLRLRS
car_593,SSLRLS
car_594,RSSSSR
car_595,SLRLRLRSSSS
car_596,RLSSRLSSSR
car_597,LRL
car_598,LRSSL
car_599,LRLSRLRLRLRSL
car_600,SSL
car_601,SSSSSSR
car_602,LSSL
car_603,LSSSSRLRLS
car_604,SSSSSSSS
car_605,LSRLRLSSS
car_606,RLSSSSR
car_607,RSLR
car_608,LRSSSSLRL
car_609,RSLRS
car_610,LRLRSSSLRSS
car_611,RSSSS
car_612,SRLRLRLSRLR
car_613,LRLRLRLRLRSL
car_614,LRLRLRLRLS
car_615,RLRLSRLSSRLRL
car_616,RSSSSSR
car_617,RLRLRLRSLRLRS
car_618,RSSSSSSS
car_619,SSLRSSSSS
car_620,SSR
car_621,LRLRLSRLRLRSSS
car_622,RLRLRLRSLRLRS
car_623,RLRLRLRLRLRLSS
car_624,RLSR
car_625,RLR
car_626,RLRLRLRLRLSRLS
car_627,RLSSRLR
car_628,SSLRLRSSSS
car_629,LSRLS
car_630,SLRLRLRL
car_631,LSSSL
car_632,LRSSSLRSL
car_633,SLRLRSL
car_634,SRLSRLR
car_635,RLSSSSSRLS
car_636,RSSSSSS
car_637,LL
car_638,RLRLRLRLRLRSS
car_639,RLRSLRLRSSS
car_640,LSSSL
car_641,SSLRLRLRSSS
car_642,SLRLRLRSSSS
car_643,SSSL
car_644,LSSSSSL
car_645,SSSSSSSS
car_646,RLRSLRLRSS
car_647,LRLRSSSSSLR
car_648,LRLRSSSSSL
car_649,SSLRSSSSS
car_650,RLRLRSLR
car_651,RLSRLSSRLRLR
car_652,SSLRLRLS
car_653,LRLRSSSSSS
car_654,SRLRLR
car_655,LSL
car_656,LSRLRLSRLRSSL
car_657,RLSSSSSSS
car_658,RSSSSSSR
car_659,SSSSSSSS
car_660,SSSSSSR
car_661,LRLRLRLRLSRLRL
car_662,RLSSSSSSR
car_663,LL
car_664,SSRLRLRLSRLRL
car_665,RLSSSRLSSS
car_666,LSSSS
car_667,RSSSS
car_668,SLRSLRLRSSS
car_669,RSSSSS
car_670,LSSRLRLRL
car_671,LSL
car_673,LSSL
car_674,SRLRLRLSSSS
car_675,SSSSR
car_676,LSSSSL
car_677,LSL
car_678,LRSSSSSLRS
car_679,LSSSSL
car_680,LRLSSSSS
car_681,RSLRLRLRLRLR
car_682,RLRLSRLRLRLRLS
car_683,SRLSSSRLRLS
car_684,RSSR
car_685,LL
car_686,SSSSLRSSS
car_689,RR
car_690,LRSSSSSL
car_691,RSSSSSSS
car_692,SSSSSSL
car_693,SSSSSSSS
car_694,R
car_672,LRSSSSSL
car_687,RLRSLRLRS
car_688,LRLRSSSSSLR
car_695,SSSR
car_696,SSSL
car_697,RSSSSSSS
car_698,LSSL
car_699,SSLRSSSSS
car_700,LSRSSL
car_701,RLRLRLRS
car_702,RLSSSSSSS
car_703,RSSR
car_704,RLRLRLRLRS
car_705,RSSSSR
car_706,RLRLRLRLRLRLSR
car_707,LSSSSSL
car_708,SSSSSSL
car_709,RSSSSSSR
car_710,LSSSRLRLRLS
car_711,LRSLRLRLRLRLRLS
car_712,SSLRSSSSLR
car_713,LSSSSL
car_714,RLSSSSSSR
car_715,LSSSSSS
car_716,RLSSSSRLSS
car_717,LSL
car_718,LRSSSSSSS
car_719,LSSSSS
car_720,RSLRSLRLSRLR
car_721,RLRLRSLRSS
car_722,LRLSRSLRLRLS
car_723,RLRSSLRSSS
car_724,SSSSSSR
car_725,LSSSSSSS
car_726,R
car_727,SSSSR
car_728,RLRLRSLRLRLRLR
car_729,LSSSSSS
car_730,LSSL
car_731,LRLRSL
car_732,LRLRSSSSSLR
car_733,RSR
car_734,LRLSRL
car_735,LSSL
car_736,RSSR
car_737,LRLRSSL
car_738,RLRLSSSSSS
car_739,RSSLRLRLSSRLSR
car_740,SSSRLRLRSLRSS
car_741,RSSR
car_742,LSL
car_743,LSL
car_744,LSL
car_745,SSR
car_746,LRSSLRLRLRLRS
car_747,RLSSSSSR
car_748,RSR
car_749,RLSSRLSR
car_750,RR
car_751,RLRSSSS
car_752,SSSSSRLRLRL
car_753,LSL
car_754,SSSSSRLSRL
car_755,LSRLRLRSLRSSS
car_756,RLSRLRLRLRLRLR
car_757,RSLRSLRLRS
car_758,SSSSSSRLS
car_759,RSR
car_760,SSRLRLRLRLRLRL
car_761,LSSSSL
car_762,SSSSSR
car_763,LRLRLSRLRLRLRSS
car_764,LRLRLRLRSSSS
car_765,RSLRSSSSS
car_766,RSSSSSSS
car_767,SLRSLRLRLRLRS
car_768,LRLRLRSSSSS
car_769,RSLRSSSS
car_770,SSSSSSRLS
car_771,RSLSSRLSSR
car_772,LRLRLRSLRSSS
car_773,RLRSLRS
car_774,SSSSLRSSS
car_775,LSSS
car_776,SSRLSRLRS
car_777,LRLRSSL
car_778,RSLR
car_779,SSSRLRLSSRL
car_780,SRLRSSLRSLR
car_781,RLRLRLRLRLRSS
car_782,LSSSSSL
car_783,LL
car_784,R
car_785,RSSSSR
car_786,LRSLRSSSSS
car_787,SSSSLRLRLRLR
car_788,LRSSSSL
car_789,SSSSSSSS
car_790,SSSSRLRLRS
car_791,SLRLRLRLS
car_792,RSSLRLR
car_793,LRLRSSSSLRS
car_794,RSSSSS
car_795,RSSSLRLR
car_796,RLRLR
car_798,SSRLSRLSSS
car_799,LSL
car_800,LSRLRLRLRLRSSL
car_801,RLRLRSLSRLRLRLR
car_802,RSR
car_803,LSSSSSL
car_804,LSSSL
car_806,LSSL
car_807,SRLSSSSSS
car_809,RLSSSSSSR
car_814,RSSSSS
car_817,SSSSSSRLS
car_797,RSLRLRLRSS
car_805,LRLRSSSSSS
car_808,LSSSSL
car_810,RSSLR
car_811,SRLRLRLRLSR
car_812,LSRLS
car_813,SRLSRSLR
car_815,RSSSR
car_816,RSSSSSR
car_818,LRLRSSLRLRSS
car_819,SSSSSR
car_820,LSSSSSSL
car_821,LRLSSSSSS
car_822,SRLSSSSRLRL
car_823,LRLSRLRLRLRSL
car_824,LSL
car_825,LSSSL
car_826,LRLS
car_827,LSSSL
car_828,LSL
car_829,LRLRLRSSSL
car_830,RSLRLR
car_831,RSSR
car_832,RSSSSSS
car_833,RSSLRSSSS
car_834,RLRLRLRLRSSS
car_835,LL
car_836,SSSSSSSR
car_837,LRSLRLRLRLRLRS
car_838,SSSSR
car_839,RSSLRLRLRLRLR
car_840,RLSSSSSSS
car_841,LRLSRLRLRLRL
car_842,SSSSSRLR
car_843,RSSSSR
car_844,LSRSL
car_845,RSLRS
car_846,LRSLRSSSSS
car_847,LRSLRLRSSSL
car_848,LSL
car_849,RLSRLRLRLR
car_850,SSSSRLRLRLS
car_851,LRLS
car_852,RR
car_853,SSSSLRSSS
car_854,SRLRLRLRSSS
car_855,RLSSSSSR
car_856,LSSRLRLRLRSL
car_857,SSL
car_858,SSRLRSLRLRLRLRL
car_859,LSRLRLRLRSLRLRS
car_860,SL
car_861,RLSSSSSR
car_862,RLSSSSR
car_863,LSRLRLSRL
car_864,LSL
car_865,LSSSL
car_866,RLRLSSSSSRL
car_867,LRLRLRSSL
car_868,LSRLSS
car_869,RSSSSSS
car_870,RLSSSSR
car_871,RLSSSSSSS
car_872,LSSSL
car_873,LSSRLRLRLRLS
car_874,SSRLRLRLSSS
car_875,RLSSR
car_876,LSSRLRLRLRSSL
car_877,LL
car_878,LSSSSS
car_879,RSR
car_880,RSSSLR
car_881,LRLRLRSSSSS
car_882,LSSL
car_883,RSLSRLSSSRLS
car_884,RLRLR
car_885,RLSRSLRLRLRS
car_886,RSSR
car_887,RLSSSSSSR
car_888,SSSSSSSS
car_889,RSSSSSSS
car_890,RSR
car_891,LSSSSSSL
car_892,LSSSSL
car_893,RLRLRLRSSSS
car_894,SRLRLRLRLRLRLRL
car_895,RR
car_896,LRLRSSLRSSS
car_897,RSSSR
car_898,RLRLRLRLRLSR
car_899,SLRLRLRSSSS
car_900,LSL
car_901,LRSSSSSSS
car_902,SRLRLRLRLRLRLR
car_903,SSSSSSSL
car_904,SLRLSRLRLSSS
car_905,R
car_906,LSSSRLRLSS
car_907,LSSL
car_908,LSSSSSL
car_909,RSSLRLRSLR
car_910,LSSL
car_911,RSR
car_912,RLSRLSSRLRLS
car_913,SSSLRLRLRLS
car_915,LRSSSSL
car_916,LRL
car_917,LSSSSSS
car_918,RLSSSSSSS
car_919,SRLRSLRLRLRLRLS
car_920,SSSSSSSLR
car_921,LSSSL
car_926,RR
car_1000,LRLRSL
car_1001,LRLRSSSSSL
car_1002,RLRS
car_1003,LRSSL
car_1004,RLR
car_1005,RLRSLRSSSS
car_1006,RSLRSLRLRLRLR
car_1007,LRSLRLRSLRSS
car_1008,SSSSR
car_1009,LSSRLRLSSS
car_1010,LRLSRLSSSS
car_1011,SSSSSL
car_1012,RLSR
car_1013,SLRLRSLRLRLRLS
car_1014,RLRLSSSSSRL
car_1015,SRLRLRLRS
car_1016,LL
car_1017,LSSSS
car_1018,LRLRLRLS
car_1019,LSRSSSSSSL
car_1020,RR
car_1021,LRSSSL
car_1022,SSSL
car_1023,SSSSSSSS
car_1024,LRLRSSLRSSS
car_1025,SLRLRLRSSSS
car_1026,LSSSRLSRSLRL
car_1027,SR
car_1028,RSSSSSSR
car_1029,RLSSRLSSSS
car_1030,LSSRLRLRLRSL
car_1031,LSSSSSS
car_1032,SSRLSSSSS
car_1033,LL
car_1034,RLSRLRLSSRLS
car_1035,SSSSSSLRS
car_1036,RLRLRLRLRS
car_1037,RLRLSSSSSS
car_1038,RSSSSSS
car_1039,LSSL
car_1040,RLRLRLRSLRSS
car_1041,RSSR
car_1043,SSSSR
car_914,LRSLRL
car_922,LRLSSRLSS
car_923,LSSRLSSS
car_924,RLSRLSSSSR
car_925,LSSSSS
car_927,RLSRLSSSSS
car_928,RLRLRLRS
car_929,RLRLRSS
car_930,SSSRLRLRLR
car_931,RSSS
car_932,SSSSSSSS
car_933,RLRLR
car_934,SSSSSSSS
car_935,RSR
car_936,RSSSSR
car_937,RLSSSRLRLSS
car_938,LRLSRLRLRLRLRSS
car_939,LL
car_940,RLSSSSSSS
car_941,SLSSSSSS
car_942,RLR
car_943,RSSR
car_944,LRLRSLRL
car_945,RSR
car_946,LRLRSSSSSS
car_947,RLSSSSSSRL
car_948,LRLRL
car_949,RR
car_950,SSSRLSSRLS
car_951,LRSL
car_952,LRSSL
car_953,RLSSSSSSS
car_954,LRLRLRLRLRLRLRS
car_955,LSSL
car_956,LSSSSSSL
car_957,RSSSSSSS
car_958,LSSSRLSS
car_959,LL
car_960,SSLRSLRLRLRLS
car_961,RSSR
car_962,RSSSS
car_963,LRLRLRL
car_964,LRSSSSSSS
car_965,RR
car_966,LSSL
car_967,SSRLSSSSS
car_968,RSSSSR
car_969,LRL
car_970,RSSSSSR
car_971,RR
car_972,L
car_973,SSSSSL
car_974,SSSSSR
car_975,SSSSSR
car_976,LSSSSL
car_977,LSSSSL
car_978,SSLRLRLRSSS
car_979,LRSSSSL
car_980,LRSLRL
car_981,SSLRLRLRLRSL
car_982,LL
car_983,RSLRLRLR
car_984,SSLRLRSSSS
car_985,LSL
car_986,SSSRLRLRLRLS
car_987,LRLRSSSSSS
car_988,RSSSSSSR
car_989,SSSSSL
car_990,SSSSSR
car_991,LL
car_992,SSL
car_993,SSRLSSSR
car_994,LRLRLRSLRLRLS
car_995,RLRLRS
car_996,LSSL
car_997,RLRLRLRS
car_998,RSSSS
car_999,RLRLSRLR
car_1042,R
car_1044,SLRLRLSSRLRLRSL
car_1045,LSRLRLRLRLRSSS
car_1046,RSSLRLRLRLRLSSR
car_1047,LRLRSSSSSS
car_1048,LRLRLRSLRLRLS
car_1049,RLRLRSLRLRLSSR
car_1050,LSSSSRL
car_1051,RSSSSS
car_1052,SSSSRLRLRLS
car_1053,LSSS
car_1054,LRLRSSLRLRL
car_1055,RLRLRLSRLSSS
car_1056,RSSSSS
car_1057,LSSRSLRLRL
car_1058,SSSRLRLRLRLS
car_1059,SRSSSSSS
car_1060,RSSSSR
car_1061,R
car_1062,LRLRLRLRLRLRLRS
car_1063,SSSR
car_1064,LSRLRLRLSSS
car_1065,LRLRSSSSSS
car_1066,LSSSL
car_1067,LRLRLSSS
car_1068,RR
car_1069,LSL
car_1070,RSR
car_1071,SLRLRLS
car_1072,RSR
car_1073,RLRLRLRLSR
car_1074,LSL
car_1075,SSSSRLRLSS
car_1076,SSSSSSSS
car_1077,LSSRLSSS
car_1078,RSLRSSSSS
car_1079,RSSSSSR
car_1080,LSSRLRLRLRLRSL
car_1081,SR
car_1082,LRSSSSSSS
car_1083,RSSSSSR
car_1084,LSL
car_1085,LSSSL
car_1086,RSR
car_1087,SSSRLRLSSS
car_1088,RR
car_1089,LSSSL
car_1090,RR
car_1091,RSSS
car_1092,LRLRL
car_1093,LSS
car_1094,LRSSSSSSS
car_1095,SRSLRLRLRLSSS
car_1096,RLSSR
car_1097,SSSSSSSS
car_1098,SSL
car_1099,SSSSSSR
car_1100,SSSSSSSS
car_1101,LSSSSSSS
car_1102,LRLRLRLRLSS
car_1103,LL
car_1104,RSR
car_1105,LSSSL
car_1106,SSSSSSSS
car_1107,LRLRLS
car_1108,RLRLRLRLSR
car_1109,SLRLRLRSSL
car_1110,RSR
car_1111,SRSSLRSSS
car_1112,L
car_1113,RSR
car_1114,LRLRSLRLRLRLRLS
car_1115,SSLRLSRLRLRLRLR
car_1116,RSSSSLRSS
car_1117,LSRLRLRLRLRSL
car_1118,LSSSSL
car_1119,RLSRLRLRSS
car_1120,SRLRLRS
car_1121,SSRLSSSSS
car_1122,RSSSR
car_1123,LSRLRSL
car_1124,RR
car_1125,LRLRSSL
car_1126,SLRSLRSSSS
car_1127,RLRSLRLRLRS
car_1128,RLSSSSR
car_1129,SSSLRLRSSS
car_1130,RSLRLRLRLRLSRLR
car_1131,LRLRLRLRLRLRLRL
car_1132,LSSL
car_1133,LSL
car_1134,LSSSSL
car_1135,RSSSSR
car_1136,RLRLSSSRLRLRL
car_1137,LSSSSL
car_1138,LSSSSL
car_1139,RSR
car_1140,SLSSSSS
car_1141,LSS
car_1142,RLRLSSSSSS
car_1143,RLRSSS
car_1144,RSLRLSRLR
car_1145,RSSLRLRLR
car_1146,RLRLRLSRLRLSRL
car_1147,RSR
car_1148,RLSSSSSSS
car_1149,LSRLSRLRLRSSSL
car_1150,RSSSSSR
car_1151,SSRLRLRLRLRSSLR
car_1152,SLRLSRLSRLRLRSL
car_1153,LRLSSSSSS
car_1155,SR
car_1156,SRLSSSRLSS
car_1157,RSSSR
car_1163,LSRLS
car_1164,SSRLSSSSS
car_1165,SSRLRLRLSR
car_1166,SRLRLRLSSRLS
car_1167,SRLRLRLSRLRLR
car_1170,RLSSSR
car_1172,RLRLRLRLRLRLSS
car_1174,SSR
car_1154,R
car_1158,RR
car_1159,RLSR
car_1160,SLRLRSSL
car_1161,RR
car_1162,RLSSRLRLRLR
car_1168,SSLRSSL
car_1169,LRSSL
car_1171,RSSSSSR
car_1173,LSSL
car_1175,SSSR
car_1176,RLRLRLRSLRLRLSS
car_1177,RLSSSR
car_1178,RR
car_1179,LRLSSS
car_1180,LRLRLRSSSSS
car_1181,LSSL
car_1182,RLSSSSSRLS
car_1183,LSRLS
car_1184,SRLRLSSSSS
car_1185,LSRSL
car_1186,SSSRLRLR
car_1187,RLSSSSRLR
car_1188,SRLRLRLRLRLRS
car_1189,LRSSSSSSL
car_1190,SSSSSSRLS
car_1191,LSSSL
car_1192,LSSSSRLSS
car_1193,LRSSSSSSS
car_1194,LSSL
car_1195,RLSSSSSR
car_1196,LSSSSSL
car_1197,SSSSSSSS
car_1198,RR
car_1199,RLSSSRLSSS
car_1200,LSSL
car_1201,LRLRLRSSSL
car_1202,SSRLSSSRLS
car_1203,SSSSSSSS
car_1204,LSSSS
car_1205,LRSSSSSSS
car_1206,LL
car_1207,LRLRLRLRLS
car_1208,RLRLSSRLSSS
car_1209,RSR
car_1210,LSRLSSRLRL
car_1211,SSSSSSSL
car_1212,SLRLSSRLRLRLRL
car_1213,SR
car_1214,LSSSSSS
car_1215,RS
car_1216,SSSSSSRLRS
car_1217,RSSLRSS
car_1218,RR
car_1219,RSR
car_1220,LRLRSSSSLRS
car_1221,SSSRLSSSS
car_1222,SSSRLRLSSS
car_1223,RR
car_1224,RSR
car_1225,SSSSSSSL
car_1226,RLRLRSLRSLRLR
car_1227,SLRLRLRLRLRSS
car_1228,LSSSRLSSS
car_1229,SLRSLRSSSS
car_1230,LSSSSRLS
car_1231,RLSSSSSSR
car_1232,RLSRLRLRLRLR
car_1233,RLRLRLSSSSS
car_1234,LRSSSSSSS
car_1235,RLSRLSSSSS
car_1236,RSSSSS
car_1237,RSLRLRSS
car_1238,LSL
car_1239,RLRSSSSS
car_1240,RSSSR
car_1241,SSSSSRLSS
car_1242,RSSSSSSR
car_1243,SLRLRLSRLSSS
car_1244,LRLRLRLSSRLS
car_1245,R
car_1246,LRLRLRLRSSSS
car_1247,LSSSSSL
car_1248,LRLRLRSLRLRLRL
car_1249,SSSSSLRL
car_1250,LL
car_1251,RLSSRLSSSR
car_1252,SSSSRLSSS
car_1253,RLRLRLR
car_1254,RLRLRLRLSSR
car_1255,RLRLSSRLSRLR
car_1256,LSRLSS
car_1257,LSL
car_1258,RSR
car_1259,SSRLSRLSRLRSL
car_1260,RLSRLRLRLRLRLS
car_1261,SSSSSSSR
car_1262,R
car_1263,SSSSR
car_1264,RSSSSSSR
car_1265,L
car_1266,LSSSSSS
car_1267,LSSRLRLRLRSL
car_1268,LSL
car_1269,LSSRLS
car_1270,SSRLRLRLRLR
car_1271,LL
car_1272,RSR
car_1273,RSLRLRLRS
car_1274,LRLRSL
car_1275,RLSRLR
car_1276,LRSSSL
car_1277,RLSSSSR
car_1278,RSSSSSSR
car_1279,SSSSSSSR
car_1280,LSSRLRLRLSS
car_1281,LRLSRLRLSSRL
car_1283,SSSL
car_1285,RLSSSSSR
car_1286,LS
car_1287,SSSSSSSS
car_1289,RSSSLR
car_1291,SLRSSSSSS
car_1293,SRLRLRSLRLRS
car_1296,RSSSSSSS
car_1282,LSRLSSSSS
car_1284,LSSSSRLS
car_1288,LSRLS
car_1290,LRLRSSLRL
car_1292,RLSSSRLSSS
car_1294,LRSL
car_1295,SSSSSSL
car_1297,SSSSSSSS
car_1298,LSSL
car_1299,LL
car_1300,SLRSSLRSSS
car_1301,RSSSSSSS
car_1302,LRLRLRLRLSS
car_1303,LSSL
car_1304,RSLRLSR
car_1305,RLRLRLSSRLR
car_1306,LSL
car_1307,LRSSSSSSS
car_1308,SLSSRLRSL
car_1309,RSSSSS
car_1310,RSSSR
car_1311,SSRLSRLRLRLRSL
car_1312,RR
car_1313,RR
car_1314,LRLSRLRSLRLRLRS
car_1315,LSRLRLRLSRLRL
car_1316,RLSSSSSSS
car_1317,RS
car_1318,RR
car_1319,LRSSLRSSSS
car_1320,SSSSSSSS
car_1321,LRLRL
car_1322,RSR
car_1323,RSSSR
car_1324,SSRLSRLRLRLS
car_1325,SRLRLRLSSSRL
car_1326,RSSSSLRSS
car_1327,LSL
car_1328,SSLRSSLRLRS
car_1329,LRLRLRLSRLSS
car_1330,LSSL
car_1331,RSSSSSR
car_1332,LSSSSSL
car_1333,LSSSSSL
car_1334,LSL
car_1335,SRLRLSSRLR
car_1336,LRLRLRSSSSL
car_1337,LRLRLRSSSSS
car_1338,LSL
car_1339,LRLS
car_1340,RSR
car_1341,LL
car_1342,RLSSSSSR
car_1343,RLSRLRSSSLRS
car_1344,RSSSSR
car_1345,SR
car_1346,LRLRLRSLRLRLSS
car_1347,SSR
car_1348,LL
car_1349,RLRSSSSSS
car_1350,LSSSSRLRSL
car_1351,LSRLRLRLRLRSL
car_1352,LSSSRLRL
car_1353,LSS
car_1354,LSSSL
car_1355,RLSSSSSRLS
car_1356,LSSL
car_1357,LRSLRLRSSSS
car_1358,RSR
car_1359,RSSSSSR
car_1360,SRLRSLRLRLRS
car_1361,RLRSLRLRSSS
car_1362,SR
car_1363,SR
car_1364,SLRLRLRLRLRLRLR
car_1365,LSSSSSRLS
car_1366,SSSSSSSS
car_1367,RLSSSSSSS
car_1368,SLSSSSSS
car_1369,LSSRLRLRLRSL
car_1370,RLRSLRLRSS
car_1371,RLRLR
car_1372,RSSSR
car_1373,LRLRSSSSSS
car_1374,LSSL
car_1375,RSR
car_1376,LSSS
car_1377,SRLRLRLR
car_1378,RLRSS
car_1379,LRLRSL
car_1380,RR
car_1381,RLRLRLRSLRSS
car_1382,L
car_1383,LSSSSSSS
car_1384,SSSSSSR
car_1385,SSL
car_1386,LSSL
car_1387,LSSSSSS
car_1388,RSSSR
car_1389,LSL
car_1390,LRLRSSSSSLR
car_1392,RLRLRLRLSSSR
car_1393,RSSSSS
car_1394,RSR
car_1395,LSSL
car_1396,LRSSSSSSS
car_1397,RLRLRLSSSSS
car_1399,SSSSSR
car_1400,LSL
car_1391,LRSSSSSSS
car_1398,SSSSSSSL
car_1401,LSL
car_1402,RLSSSRLSSS
car_1403,LSSSL
car_1404,LSSSL
car_1405,RLRSSSSS
car_1406,LRSSSSSSS
car_1407,RSLRLSR
car_1408,SRLRLRLRLR
car_1409,LSSSS
car_1410,RLRSS
car_1411,RSSSSR
car_1412,LSS
car_1413,LSSSSS
car_1414,RLRLRLRLRLRLR
car_1415,RSSSSSSR
car_1416,SSSSSSR
car_1417,LL
car_1418,LSSSSSL
car_1419,LSSSRLRLS
car_1420,LSSSSSS
car_1421,RLRLSRLRLRLRLS
car_1422,SRLRLRLSR
car_1423,LSSL
car_1424,RLRSLRSS
car_1425,RSS
car_1426,LRSSSSL
car_1427,RSSSSSS
car_1428,SSSL
car_1429,SRLRLRLRLRLRLRL
car_1430,LRLSRLRLRLRLRSL
car_1431,LRLSRLRLSRLS
car_1432,LRLRLRLRSSSS
car_1433,RSLRLRLSSSSS
car_1434,SSSL
car_1435,RS
car_1436,SLRLRLRSSLRS
car_1437,RSSR
car_1438,LSSL
car_1439,RSSLRLRLSR
car_1440,RSLRLSSR
car_1441,RLRSLR
car_1442,SSSSSSSS
car_1443,RSSR
car_1444,RSR
car_1445,LSSL
car_1446,SRLRLRSSSLR
car_1447,RSSSR
car_1448,RSSSLRSSS
car_1449,SSR
car_1450,SSSR
car_1451,LSSSSRLSS
car_1452,SLSRLRSLRLRLRS
car_1453,L
car_1454,RR
car_1455,LSRLRSLRLRLS
car_1456,RSSSSSS
car_1457,LRLRLSSS
car_1458,RSR
car_1459,LSSSRL
car_1460,LSSSS
car_1461,LSSS
car_1462,SRSLSRLRLSR
car_1463,LSSSL
car_1464,SSSSSRLSS
car_1465,RSR
car_1466,RLRSSLRLRLRLR
car_1468,LRSSLRLRLRSS
car_1469,LSSSSSSRL
car_1470,SSLRLRLRLRLRS
car_1471,RSSR
car_1472,LRLRLRSSSSS
car_1473,SSSSLRSSS
car_1474,LRSSSSL
car_1475,LSSL
car_1476,RLRSLRLSSSRLR
car_1477,RSLRLSSR
car_1478,SSSSSSSS
car_1479,SLSSRSL
car_1480,SRLSSSSSS
car_1481,SLRSLRLRLRL
car_1482,SLRLRL
car_1483,LSSSRLS
car_1484,RSSSSSS
car_1485,RLSSSSSR
car_1486,RSSSSR
car_1487,SSSSL
car_1488,SSSLRLRLRSS
car_1489,LSL
car_1490,SSSSSSSS
car_1491,SLRSSLRSSS
car_1492,RLSSR
car_1494,SRLRLRLRLRLSS
car_1495,SSSSRLRLSS
car_1496,LRLRLRSL
car_1497,RSSLRLR
car_1498,LSRLRLS
car_1499,SSSRLRLRLR
car_1500,SRLRLRLRSS
car_1501,SSRLSSRLSS
car_1502,RR
car_1503,LRLRSSSSSS
car_1504,SSSRLSRLRLS
car_1505,RSSSSR
car_1506,LRLRLRLRLRLRSL
car_1507,RSSSSR
car_1508,LSRLSRLSRLRSL
car_1509,LRLRSSLRLRSS
car_1510,LRSSSLRSSS
car_1511,RLRLRLRLRSLRS
car_1512,LSSRLRLRLRSL
car_1514,RSSSSSR
car_1515,LL
car_1516,SSSSSSSS
car_1517,RLRLRLSSRLR
car_1518,RLRSLRLR
car_1520,LSS
car_1522,RSR
car_1523,LRSSSL
car_1527,SSSSSSSR
car_1467,SRLRLRLRLRLRLS
car_1493,SSSSSSRLR
car_1513,LSRLRLSRLRSL
car_1519,RSR
car_1521,SSRLSSRLSS
car_1524,LS
car_1526,LSRLSRLRLRLS
car_1528,LSSSSSSL
car_1529,RLSSSSSSS
car_1530,SSSSSSSS
car_1531,RLSSSSR
car_1532,RLSSRS
car_1533,RLRSLRLRS
car_1534,RLRLSSSSRLS
car_1535,SRLSRLRLSRLR
car_1536,LRLRSSSSL
car_1537,SSSSSSSS
car_1538,L
car_1539,RLRLRLRSSSS
car_1540,R
car_1541,SSLRLRLRSSS
car_1542,SSSSSSSR
car_1543,LRLSRLRLSRLRL
car_1544,L
car_1545,SSSSSSSS
car_1546,LRLRSLRLRSSS
car_1547,LRLSRLRLRSSSS
car_1548,RSSR
car_1549,LSSL
car_1550,LRLSS
car_1551,LSRLS
car_1552,SSLRLRLRL
car_1553,SRLSSSSSS
car_1554,SSSSRLRLRLS
car_1555,RR
car_1556,RSR
car_1557,RLSSRLSR
car_1558,RSLRSSSS
car_1559,LRSSSSL
car_1560,LSSL
car_1561,RLRLRLRLRLRLRS
car_1563,LSSRLRLRLRSLRL
car_1564,LSSSL
car_1565,LRLRLRLRLRLRLRS
car_1566,LSRSSSLRLRLRS
car_1567,SRLRLRLRLRSSS
car_1568,LSRLSRLSS
car_1569,RR
car_1570,RSSSSSR
car_1571,RLSSSSRLSS
car_1572,RLRLRLSR
car_1573,RLRLSRLSSR
car_1574,LSRLRL
car_1575,LSL
car_1576,LL
car_1577,RSR
car_1578,LRSSSSL
car_1579,SSSSSSSS
car_1580,SL
car_1583,SSSSLRSSS
car_1584,LSSL
car_1585,LRLRLRLRLSRLRL
car_1586,RLSRLRLRLRSSS
car_1587,RR
car_1588,LSSSSSS
car_1589,RLSSSSSSR
car_1590,RLRSLRSSLR
car_1591,RLRLSSRLR
car_1592,RLRLRLRLSSSS
car_1593,SLRSLRSSSS
car_1594,LRSSSSSSS
car_1595,SSSSRLRLRS
car_1596,RLSSSSSSS
car_1597,RLSRLRLRLSRLS
car_1598,SSRLSRLSSR
car_1599,RLSSSSRLRLS
car_1600,RLSSRLSRLSS
car_1601,SSSSSSSL
car_1603,SSSSR
car_1604,SSSSSSSR
car_1606,SLSRLRLRLRSSS
car_1607,RS
car_1608,LSSRLRLRSL
car_1609,LRLSSSS
car_1610,RSSSSLR
car_1611,SSSSSSSS
car_1612,RSSLRLSR
car_1613,RLRLSSRLRLR
car_1614,LRLRLRLS
car_1615,LRSSSSSSS
car_1616,RSSSSR
car_1617,RSSSSSR
car_1619,SSSSLRSSS
car_1620,LSL
car_1621,SR
car_1622,RSSSR
car_1623,LSRLRLRSSSSS
car_1624,RS
car_1625,LRLRLRLRSSSS
car_1626,RLSSSRLSSS
car_1627,LRLRLRSSSL
car_1628,LRLRSLRSSSS
car_1629,SSSSSSSS
car_1630,RSSSSR
car_1631,LRLSRLRSLRL
car_1632,SSSSSSSS
car_1633,SSRLRLRLRSSS
car_1634,RLSRLSRLRLRLRL
car_1635,LSRLSSSSS
car_1636,LRSSSSSLRLR
car_1638,RSLRLRLRLSSRLRL
car_1641,LRSLRSL
car_1642,RSSS
car_1643,LRSSSSSSS
car_1644,RLRLSRLRLSR
car_1645,LRSLRLRLS
car_1646,SSSSSLRSLR
car_1647,SRLRSSSS
car_1649,RSSSSSR
car_1582,LRLRSLRLRLRSS
car_1605,RLRSLRLRLRSS
car_1637,SR
car_1639,LL
car_1640,RLSSSSR
car_1648,LL
car_1650,RLRSSLRSSS
car_1651,SLRLRSLRSSS
car_1652,LRLRLRLRLRLRSS
car_1653,SSSSSR
car_1654,RLRSLRLRLRLRLSS
car_1655,LL
car_1656,LRSLRSSSSS
car_1657,RSSSSSR
car_1658,SSRLRLRLSR
car_1659,LL
car_1660,SSRLRLSSRLS
car_1661,SLRSSLRSSLR
car_1662,RLRSS
car_1663,LSSSSS
car_1664,RLRSSSSS
car_1665,RLSRLRLRSLRLRLS
car_1667,SSSSSR
car_1668,LSRLRLRLSSS
car_1669,LSSSSL
car_1670,SLRLRLRLRLRLRL
car_1671,RSLRLR
car_1672,RLRLSRLSSR
car_1673,RLRLRLSRLR
car_1674,SSRSLRLRLR
car_1675,LRSSSSLRSL
car_1676,LSSL
car_1677,RSSSSSS
car_1678,RLSR
car_1680,LSSSRLSRLS
car_1681,SSSSSSSR
car_1682,R
car_1683,RLSSSR
car_1684,LSRLSRLSS
car_1685,LSSRLSS
car_1686,RSSLRSLR
car_1687,LRLRLRSSSSS
car_1688,LSL
car_1689,SSRSSSS
car_1690,LRLRSLRLRSSS
car_1691,SRLSRLSSSS
car_1692,RR
car_1693,RLRLSRLRLRLRLS
car_1696,SLRLRLRSSSS
car_1697,LSSSSSSS
car_1698,RSSSLRSLRS
car_1699,SLRLRSSLRSS
car_1700,RR
car_1701,RLRLRLRLRLRLR
car_1702,LRLRSSSSSS
car_1703,LSSRLRSL
car_1704,LRLRSSLRSL
car_1705,LRSSLRSLRL
car_1706,RSSR
car_1707,LRLSRLRL
car_1708,RLRLSRLSSSR
car_1709,SSSLRSSSS
car_1710,LRLRLRSLRLRSL
car_1711,RLRLSRLRLSRLRL
car_1712,LRSSSL
car_1713,RLSSSSSR
car_1715,LSSSSSSS
car_1716,SLRSSLRSLRS
car_1717,SSSSSSR
car_1718,RSSLRLRSLRS
car_1719,RLSSSSSSS
car_1720,LSSL
car_1721,RSSSR
car_1722,RSSS
car_1723,RLRLRLSSRLSR
car_1724,SSRLRLRLRLSS
car_1725,LL
car_1726,LSRL
car_1727,SLRLRLRLRSLRL
car_1728,SSSSSSSS
car_1729,LSSRLRLRLRL
car_1730,SSSSL
car_1732,LL
car_1733,SSSSRLSSS
car_1734,LSSSL
car_1735,RLSSR
car_1736,RR
car_1737,SSSSSSSS
car_1739,RSLSSRLR
car_1740,SRLRLRLRLSR
car_1741,SLRSLRSSSS
car_1742,LRSLRSSSSS
car_1743,LRSL
car_1744,RLSRLRLRLRLSS
car_1747,LSRLSSRLSS
car_1754,LSSL
car_1757,SSRLRLRSS
car_1525,RLRLRSSSSS
car_1562,RLRSSLRSSS
car_1581,RSLRLRLRSSLR
car_1602,LSSSSSSL
car_1618,SSSSSSL
car_1666,LSSSSSSL
car_1695,LSSSSRLRLRL
car_1738,RSSLR
car_1748,LSSSSSSL
car_1749,SLRLRLRLRLRSS
car_1750,RSSSSSSR
car_1751,SSSLRLRLRLRLR
car_1752,RLSR
car_1753,RLRLRLRLRLR
car_1755,RSLRLSSR
car_1756,RLRLRLRLR
car_1758,LSSSL
car_1759,LRSSSLRL
car_1760,RLRLSRLRLRLSS
car_1761,SSSSSSLRS
car_1763,LSSSSSL
car_1764,LRLSRLRLSSRL
car_1765,LSSSSSL
car_1766,LSSL
car_1767,RLRLRLRLRLRLRLR
car_1768,RR
car_1769,LL
car_1770,RSSS
car_1771,LL
car_1772,SLRLRLRSSSL
car_1773,LSRSSSLRSL
car_1774,LSRL
car_1775,LRLRLRLRSSLRS
car_1776,RSSSSR
car_1777,SSSRLRLSSRL
car_1778,LL
car_1779,SSSSSSSL
car_1780,RSSSSSSR
car_1781,LSSSL
car_1782,LL
car_1783,LSSSSSRLS
car_1784,LSL
car_1785,SRLSSSSSS
car_1786,SRLSSSR
car_1787,LSL
car_1788,SSSSSLRSS
car_1789,SSSSSSSS
car_1790,LRLRLRL
car_1791,LSRSSLRL
car_1792,LRLRSSSSSS
car_1793,LSL
car_1794,LSRL
car_1795,RLSSSSSSS
car_1796,SRSSLRLRSS
car_1797,RLR
car_1798,SSSSSRLR
car_1799,RLSSSSRLRLRL
car_1800,SSL
car_1801,SLSRLRLRSSLRS
car_1802,R
car_1803,SSSSSR
car_1804,LSRLRLRLSSS
car_1805,SSSSL
car_1806,LRLRLRLRLRLRL
car_1807,LSL
car_1808,LRLRSL
car_1809,RR
car_1810,RLSSSSRLSS
car_1811,LRSSSSSSS
car_1812,RSS
car_1813,RLRSLSRLRLSRLR
car_1814,RSSR
car_1815,LSSSSL
car_1817,SLSRLRLRLRLRLRL
car_1818,LSSSL
car_1819,LSL
car_1820,SSSSLRSLRS
car_1821,LSSSSSS
car_1822,SLRLRLRLRLRLRL
car_1823,RSR
car_1824,LRLRSSL
car_1825,SRLSRLSRLSS
car_1826,LRSSSSLRSS
car_1827,RLRSSS
car_1828,SSSSSSSS
car_1829,RSSR
car_1830,RSSSSSR
car_1831,RSSSSSS
car_1833,LSRLSSSSS
car_1834,LSSSSSL
car_1837,SSSSL
car_1838,RSLRLSRLRLRLSRL
car_1839,SSSSSSSS
car_1840,LSSSSL
car_1841,SSSLRL
car_1842,LSSSS
car_1843,RSSSR
car_1844,LRSSLRSSSL
car_1845,SRSLRLRLRLRLSR
car_1847,LSRLRLSRLRLS
car_1848,LSL
car_1849,SLRLRSSSSS
car_1850,SSRLRLRLSSS
car_1851,LRLRLRLRLSRL
car_1852,SLSSSSSS
car_1853,RLRS
car_1854,SSSSSSSS
car_1856,SRLSSSRLSS
car_1857,SRSLRSS
car_1858,SSSSSSSS
car_1859,RLRLSSSRLSS
car_1860,RSSSSSR
car_1861,SL
car_1679,RLRLRLSSSRLS
car_1714,RSSSLRSSS
car_1746,SSSSSR
car_1835,LSSL
car_1836,SSSR
car_1855,SSSSSRLSS
car_1864,SSLRLRLRLRLSRLS
car_1865,SSSR
car_1866,RLRSLRLRLRLSRS
car_1867,RLSSSR
car_1868,SSSLRSSLRS
car_1869,SSSRLRLSSS
car_1870,SLRSSSSSS
car_1871,RSR
car_1872,LL
car_1873,LSL
car_1874,SRLRSLRLSR
car_1875,LRLRLRLS
car_1876,RSSR
car_1877,RSR
car_1878,LSSSL
car_1879,LS
car_1882,LRSLRLRLRSLRLR
car_1883,LRLRLSRLSSS
car_1884,SSSRLRLSRLRL
car_1885,SRS
car_1886,SLRLSSSSS
car_1887,LRLRLRLRLRSSL
car_1888,LL
car_1889,LSSRLS
car_1890,LSSL
car_1891,LRSSLRSLRSS
car_1892,SSSSRLSRLS
car_1893,SLRLRSLRL
car_1894,LL
car_1895,RLRLRSSS
car_1896,LRLS
car_1897,LSSSSL
car_1898,RSSSR
car_1899,RR
car_1901,SSSSSSR
car_1902,SR
car_1903,RSR
car_1904,SSSSSSSL
car_1905,RLSSSR
car_1906,LSRLRLSRLRL
car_1907,RSSLRSS
car_1908,LSSRLRL
car_1909,SRLSRLRLRS
car_1910,SRSSSS
car_1911,LRLRLRL
car_1912,LSSSS
car_1913,LL
car_1914,LRL
car_1915,LS
car_1916,SSSSRLR
car_1917,RLRSSLRSLRLR
car_1920,LSL
car_1921,SSLRLRLRLRLRLR
car_1922,LSSSRLSSS
car_1923,RSSSSSSR
car_1924,LSSSSSL
car_1925,RLSSSSSR
car_1926,RLSSSRLR
car_1927,RLRLRLRLSSSS
car_1928,RLSSSSSSS
car_1929,RSLRLSSSSSS
car_1930,SSSSSSSS
car_1931,RLRLSSRLR
car_1932,SRSSLRLRS
car_1933,RSLRSLRSLR
car_1937,LRLRLRLRLSRLS
car_1938,LSSSSSSS
car_1939,LL
car_1940,RLRLRLRSSSS
car_1941,SLRSLRLRLRSLR
car_1942,LRLRSSSSSS
car_1943,SLRLRSSSSS
car_1944,LRLRLRLRSSSS
car_1945,SLRLRLS
car_1946,LSRLRL
car_1947,LRLRLRLS
car_1948,LSS
car_1949,RR
car_1950,LSSSSL
car_1951,RLRLRLRSLRS
car_1955,SSSSSSR
car_1956,LSSSSL
car_1957,RLRLRSLRLRLRS
car_1958,SSSLRLRSLRS
car_1959,RLR
car_1960,RSLRLRLRLRLR
car_1961,LL
car_1962,RLRLSRLRLSR
car_1963,RLRLRLRLSSR
car_1964,SRSSSS
car_1965,RSLSSSSSSS
car_1966,LSL
car_1967,RLRLRLRLSRLSR
car_1968,LL
car_1969,LRSSSSL
car_1970,LRLRSSLRLRLRLR
car_1971,LRLSRLRLRLRL
car_1972,RLRSSSSSS
car_1974,SLRSLRLRSLRS
car_1975,SSR
car_1976,LSSRLSRLRL
car_1978,RSLSSSSSSS
car_1979,SSSSSSSS
car_1981,SRLRLSSSSS
car_1983,LRSSSSSSS
car_1985,RLRLRLRLRSLRLR
car_1694,RSSSSSSR
car_1880,RSSSSR
car_1919,LL
car_1934,SSSRLSRSLRLS
car_1952,RSLRLRLRLRLR
car_1977,LRLRLRLRLRLS
car_1980,LRLRSLRSSSS
car_1982,SRLSSRLRLRLRL
car_1984,RSSSLRLRLR
car_1988,LSSSSSSL
car_1989,SSSLRSLRSS
car_1990,RSSR
car_1991,SSSSSSSS
car_1992,LSSSSSS
car_1993,SSSSRLRLSS
car_1994,LRSSSSL
car_1995,SRLRLR
car_1996,RSSR
car_1997,SSSSLRLRLRS
car_1998,LRSLRLS
car_1999,RSSSS
car_2000,SLRSSSSSS
car_2001,LSRSLRLS
car_2002,RSSSSR
car_2003,RLRLR
car_2004,SSSSSSSS
car_2005,LSRLRLSRLRL
car_2006,RSSSR
car_2007,RLRLRLRSSSS
car_2008,SSSSSSR
car_2009,SSSSSSSR
car_2010,LSSSL
car_2011,LRSSSLRSSS
car_2012,RLSSR
car_2013,RSLRLRLSSRLSS
car_2014,LRLRLRLRLRSSS
car_2015,LRLRSSLRSLRL
car_2016,RSSR
car_2017,RLSRLRLRLR
car_2018,LSRLS
car_2019,RSSR
car_2020,RSSSSS
car_2021,SSLRSSSSS
car_2022,LRSL
car_2023,RSSR
car_2024,LRLRSSLSRLRSS
car_2025,SL
car_2027,LSRLRLRSSSSS
car_2028,LRSLRLRLRSSLR
car_2029,RSSSSR
car_2030,RLSSSSSSS
car_2031,SLRLRLRSLRLRLS
car_2032,RR
car_2033,SLRLRSLRSL
car_2034,SRLSSSSSS
car_2035,SSRLSRLRLR
car_2036,SRLSRLR
car_2037,SRLSSSSRLS
car_2038,LRSSSSSL
car_2039,LRLRLSRLRLRL
car_2040,RLRSLRLRLRSS
car_2041,SSSSSSSS
car_2042,R
car_2043,LRLSSSSSS
car_2044,LSSRLRLRLSS
car_2045,SSSSSSSL
car_2046,RLR
car_2047,RR
car_2048,RLSSSSSSS
car_2049,LRLRSLRLRSSL
car_2050,RSSS
car_2051,RLSRLSSSRLS
car_2052,SSSSSSSS
car_2053,LRLRSSL
car_2054,RR
car_2055,RLSRLR
car_2056,RSSSLRLRLR
car_2057,SSSLRL
car_2058,SSRLRLSRLRLS
car_2061,LRLRSLRLSRLRLRL
car_2062,RLSSSSSSR
car_2063,SLRLRSLRLRLSS
car_2064,SRLSSRLSSR
car_2065,RSSSSS
car_2066,LRLSRSLRSSL
car_2067,RSR
car_2068,LSRSSLS
car_2069,LRLRSLS
car_2070,LRSLRL
car_2071,LRSSSSSSS
car_2072,RLRLRLRLRLRS
car_2073,RSSSSR
car_2076,SSR
car_2077,SLRLRLRLRLRLRLR
car_2078,SLRSSLRSSLR
car_2079,SRLSR
car_2080,RS
car_2081,RLRLRLRLRSS
car_2082,RLRLRLRSS
car_2083,RSR
car_2084,LSRLS
car_2085,LL
car_2087,RLRLSSSSSS
car_2088,RSLRLRLRS
car_2089,SSSSSSSS
car_2093,LSSRLSSSS
car_2098,RSSSLRLRS
car_2102,SLRSLRSL
car_1762,RLRLRLRLRLRLRLR
car_1832,RSSSR
car_1862,RSSSSSSS
car_2086,RLRLSSSSSS
car_2090,LRL
car_2094,SSSR
car_2095,LRLRLRLRLRLRLS
car_2096,LRLRLRLRLRLRSS
car_2097,SSRLSSSSS
car_2099,RLSSRLSRLRLS
car_2100,RSSS
car_2101,RSLSRLRLSSR
car_2103,LSL
car_2104,RSR
car_2105,LRL
car_2106,LSSSSSS
car_2107,RSSSSSR
car_2110,LSSSSL
car_2111,LRLSRLRLRLRLRSS
car_2112,SSSSSSSS
car_2113,LRLRLRSLRSLRS
car_2114,SLRLRSLRLSRLRL
car_2115,RSR
car_2116,RSSR
car_2117,SLRSLRLRSSS
car_2118,RLSRLRLRLSSR
car_2119,LRLRSSSSSLR
car_2120,RLRLRLRLRLSSR
car_2121,SSRLRLRLRLSS
car_2122,LSSRLRSSSSSS
car_2123,RLRSSLSSRLRLSR
car_2124,LRSL
car_2125,RSSSSR
car_2128,SLSRLRLSSRLRL
car_2129,SSR
car_2130,SSSR
car_2131,SSSL
car_2132,RSLRLRLRLRSS
car_2133,SSSSSRLSS
car_2134,LRLSSSSS
car_2135,RLRSLRLRLRLR
car_2136,LRLRLRLRLRL
car_2137,LRSLRL
car_2138,LL
car_2139,LRLSRLRL
car_2140,LSRSSLRL
car_2141,SSLRSSSLRS
car_2142,RR
car_2143,SLRLRSLRSSS
car_2144,RSLRSSS
car_2145,SSSSSSSS
car_2146,RSSSSSS
car_2147,SRSLRLRSSS
car_2148,LRLRLRLSSS
car_2149,SSSSRLSRLRL
car_2152,LSSSRLSRLRL
car_2153,SSSSSSLRS
car_2154,SSSSSR
car_2155,LRLRLRLSRLRSSS
car_2156,SSSSSSSS
car_2157,SSRLRLRSSLRLR
car_2158,RSSLRLRLR
car_2159,LL
car_2160,RSSS
car_2161,LRLRSSSLRSS
car_2162,RSSSS
car_2163,LSL
car_2164,RLRLSSRLRLSS
car_2165,LL
car_2166,LRLRLRSSSSS
car_2167,RSSSSR
car_2169,LSSSSSL
car_2170,SR
car_2171,LSSSRLRLRLRSSL
car_2172,LRLSRLRLRSSLRS
car_2173,SSLRLRLRLRLRS
car_2174,LRSLRL
car_2175,SSSSRLRSS
car_2176,LSRLRSL
car_2177,RSR
car_2178,RSSR
car_2179,LSRSL
car_2180,LL
car_2181,SLRSSL
car_2183,LSSRLRLSS
car_2184,RLR
car_2185,RSR
car_2188,SSR
car_2189,LRLRSLRSSSS
car_2190,LL
car_2191,RLSSSSR
car_2192,LRSSSSSSL
car_2194,RSSR
car_2195,LSSS
car_2196,RLRLRLRLRLR
car_2197,LSS
car_2198,LSSSSL
car_2199,LRSSL
car_2200,SSRLRLRLRSLRLR
car_2201,LRSLRLSRLRLS
car_2202,SSRLRLRLRLRSSS
car_2205,SLRLRLSSSSS
car_2206,LRLRLRSLRSSS
car_2207,LSSRLRLRLRLRSL
car_2208,RLRLRLRSLRLSRLS
car_2209,SSRLRLRLRSLRLRL
car_2211,SSSSSSSS
car_2212,RSR
car_2213,RLRLRLRSS
car_2214,SSRLRLSSRLRL
car_2215,LSSSS
car_2216,SRLRSS
car_2217,LL
car_2218,LRLRLS
car_2219,RLRLSRLRLSSS
car_2220,LRSSSSSSS
car_2221,LRSSLRSSSS
car_2223,RS
car_2224,SSSSSSSL
car_2226,LRLSSRLRLRLS
car_1863,SSSSR
car_1881,LSSL
car_1936,SLRLRLSRLRLRLS
car_1954,LSSSL
car_1987,LRLSRLRLSSS
car_2075,LSSSSSSL
car_2092,R
car_2151,LL
car_2182,SSSSSSSS
car_2193,LSS
car_2210,SLRLSRLRLRLRSL
car_2222,RLRLRLSSRLRLRL
car_2227,LSSSRLSSS
car_2228,LRLSRLRLRLRSSS
car_2229,RS
car_2230,LSSSSSL
car_2231,LSS
car_2232,LRLRLSS
car_2233,SSSSLRSLRS
car_2234,RLSRLRLSSRLR
car_2235,LSL
car_2236,LSSL
car_2237,SSSSRLSSS
car_2238,LL
car_2239,LRLSRLRLRSL
car_2240,LRSSSSSSS
car_2242,SSSSSSSS
car_2243,SSSSSSSL
car_2246,LSRLRLRLRLRLRL
car_2247,LSSSSL
car_2248,LSRLSRLRLRLRSL
car_2249,RSSSSSR
car_2250,SSSSSSSL
car_2251,SSSSLRSLRS
car_2252,SSSSSSRLR
car_2253,LRLRSSSSL
car_2254,LSRLSS
car_2255,RSLRLRS
car_2256,LRSSSLRLRL
car_2257,RR
car_2258,LSSSSS
car_2260,RLRLRLSSSRLRL
car_2263,LSSSRLRLRLRL
car_2264,LSSSSSL
car_2265,SSSLRSSSS
car_2266,RLR
car_2267,RLRLSSSSSS
car_2268,RSSSSR
car_2269,SSLRSLRLRLRS
car_2270,RSR
car_2271,SLRSSLRLRSL
car_2272,LSRSSLS
car_2273,SRLRLRLRLR
car_2274,RSSLR
car_2275,RSLRLRLRS
car_2277,SSLRLRLRLRSLR
car_2278,LSRLSSRLRL
car_2279,SSSSL
car_2281,SLRSSLRSSS
car_2282,SSSSSSSS
car_2283,SSR
car_2284,RSSSSSSR
car_2285,LRLSSRLSS
car_2286,LSRLRLSSS
car_2287,LSRSL
car_2288,RLSSSSSRLS
car_2289,RSSSR
car_2290,LRLRSLRSL
car_2291,LSSL
car_2292,LSS
car_2293,LSSSSS
car_2294,RLSRLRLRLSRLRS
car_2296,RLSSSSR
car_2297,RSSSSSR
car_2300,LRLRLRSSSLRLR
car_2301,SSSSSSSR
car_2302,LRLRLSSSSRL
car_2303,RSSSLRSSS
car_2304,RLSSR
car_2306,LSL
car_2307,LRSSSSSSS
car_2308,SLSSRSLS
car_2309,LRSLRLRL
car_2310,LRSSSSSSS
car_2311,SRLSRLRLRLRS
car_2312,RSSR
car_2314,LSSRLRLRLRL
car_2315,RLR
car_2318,SSSSSSR
car_2319,SSLRLRLRLRLRLSR
car_2320,LSL
car_2321,RLSSSSSSS
car_2323,LSRLRLRLRSSSS
car_2324,LL
car_2325,LSL
car_2326,RLSSSSSRLRL
car_2327,RSSSLR
car_2328,LRSSSLRLRSS
car_2329,LSL
car_2330,RLRLRLRLRLSSR
car_2331,RLSRLSSRLSS
car_2332,RSS
car_2334,RSSSSR
car_2337,SR
car_2339,RLSRLRLRLRSSS
car_2340,RLSSSSR
car_2341,RLSSSSR
car_2342,RSSSSLRS
car_2343,LRSSL
car_2344,RLSSSSRLSR
car_2345,SSSLRLRSSS
car_2346,SSRLSRLRLR
car_2347,LSRSLRSL
car_2348,LSSL
car_2349,SRLSSRLSRLRL
car_2350,RLRLRLSR
car_2352,LRL
car_2354,RLRLRLRLRLRSS
car_2357,R
car_1973,SSSSSSR
car_2026,LL
car_2060,LRLSRLRLSRLS
car_2259,LL
car_2276,SSSSSRLSS
car_2295,LRSSSL
car_2305,SSLRSSSSS
car_2322,LSRLRLRSSSSS
car_2338,R
car_2351,SRLRLRLRLRLR
car_2358,LSSSSL
car_2359,RSR
car_2360,LSRLSRLSS
car_2361,SSSSSSSS
car_2362,RSSSSSS
car_2363,LSRLRLRLRSSSL
car_2364,LSL
car_2365,SSRLRLSSRLR
car_2366,SSSSRLSSS
car_2367,RLRSLRS
car_2368,RLRLRLSRLR
car_2369,RLRLSRLRS
car_2370,LRSLRSLRLRSS
car_2371,LRLRL
car_2372,SRLRLRLSRLSS
car_2373,LRSLRLRSSSS
car_2375,RSSSSSSR
car_2376,SSSL
car_2378,LRLSRLRLSRLS
car_2379,SSSSSSLRS
car_2380,SSSSSSR
car_2381,RSR
car_2382,LSSSRLRLS
car_2383,LSSL
car_2384,SLRLRSL
car_2385,LL
car_2386,RSLRLRS
car_2387,SSSRLRLSRLRS
car_2388,RLRLRLSR
car_2389,LL
car_2390,RSR
car_2392,SSRLSSSSS
car_2395,R
car_2396,LSSSSSL
car_2397,SSSSSR
car_2398,LSSSSSS
car_2399,LL
car_2400,LSSSL
car_2401,LRSSSLRLRSL
car_2402,RSSSLR
car_2403,LRLRLRSSSL
car_2404,RSLRLR
car_2405,LSRLSS
car_2406,RLRSSSS
car_2407,RLRLSR
car_2408,RSLR
car_2409,RSSSR
car_2413,LSL
car_2414,LSSSSSSRL
car_2415,RLRLRLRLRLRLRLS
car_2416,LRLRLRLRLSRL
car_2417,LRSSLRLRSSS
car_2418,RSLRLRLRSS
car_2419,RLRS
car_2420,RLSSSRLRLSRL
car_2421,SSSLRLRSSS
car_2422,RLRLRLSRLR
car_2423,SRLRLRLRLR
car_2424,LRLRSSSSL
car_2425,LRLRSSSSL
car_2426,SRLRLSR
car_2427,LRSL
car_2429,LRSSLRSSSS
car_2430,SSL
car_2431,RSSSSSR
car_2433,LRSLRLRLRSSS
car_2434,LSSL
car_2435,LSRLRLRLRLSS
car_2436,RR
car_2437,SSLSSRLRLRLRL
car_2438,RLSSR
car_2439,LRSSSL
car_2440,SRLRS
car_2441,SLRLRSSSSS
car_2442,RLSRLRLSSSS
car_2443,SSLRLRSLRSL
car_2444,LL
car_2445,SRLSRLSRLR
car_2446,LRLRLRLRSL
car_2447,LRSSSSSSS
car_2448,SSLRSL
car_2449,SSSSSSL
car_2452,LRLRLRLRSSSS
car_2453,SSSSSSR
car_2454,SSSSSSSS
car_2455,LRLRLRSLRLRLRL
car_2456,RLSSSR
car_2457,SRLRLSSSSS
car_2458,RSR
car_2459,LSL
car_2460,RLRLRLRLSSR
car_2461,LSSSS
car_2462,LSRLRLRSSSL
car_2463,LRLS
car_2464,LSSSL
car_2465,RLSRLSSR
car_2466,RLRLRLRSSS
car_2468,LSRLRLRLRLS
car_2469,RLRLRLRLRSSS
car_2470,LSSSSSL
car_2471,SSSSSSR
car_2472,LRLSRLSSSS
car_2477,RLRLRLSRLSRLS
car_2479,RR
car_2480,LRSSLRL
car_2486,RSSSSR
car_2109,SLRLSRLSRLSS
car_2127,LSSSSSSS
car_2168,SSSSR
car_2245,SSSSSSSLR
car_2353,SSSSSLRL
car_2474,LRSLRSSSSS
car_2475,LSSSL
car_2476,LL
car_2478,RSSLRLR
car_2481,SSRLRLRLRLRLR
car_2482,RLRLSSSSR
car_2483,SSSSSLRSS
car_2484,RLRLRLRLRLSRLS
car_2487,RSSR
car_2489,SSSSLRSSS
car_2490,LSSSL
car_2491,LL
car_2492,RSR
car_2493,SSSSSSL
car_2494,SSSSSSSS
car_2495,LSSSSSL
car_2496,SRLRLRLRLRLRS
car_2497,RR
car_2498,LSRLRSSSSSL
car_2499,RSLRS
car_2500,RR
car_2501,LRLRSSSSSS
car_2502,LRSSL
car_2505,SR
car_2506,LSSSSRLSS
car_2508,SRLRLRLRLRLRLRS
car_2509,RLSSSSSSR
car_2510,LSSSL
car_2511,RSSSSSR
car_2512,RSSR
car_2513,RSLRLSSSSRLR
car_2514,RLSSSRLRLSRL
car_2515,SSRLRLSRLR
car_2516,RLSRS
car_2520,SRLSRLRLRLRLRSL
car_2521,SRS
car_2522,LSSL
car_2523,SRSSLRLRLRLSSR
car_2524,LSRL
car_2525,LL
car_2526,SRSLRLSRLSSS
car_2527,LRLRSLRLRSSL
car_2528,RSLRS
car_2529,SLRSLS
car_2530,SSSRLRLSSS
car_2531,RR
car_2532,RSSSSSLR
car_2534,RLSSSSR
car_2535,RSSR
car_2538,LRLSRLRLRSLRSS
car_2540,RSSR
car_2541,RLSSSR
car_2542,SSSSSSSS
car_2543,RLSSSSSSS
car_2544,LRLSSS
car_2545,RLSSSRLRLSS
car_2546,RR
car_2547,LL
car_2548,LRSSSLRSSLR
car_2549,LL
car_2550,RLRLRLRLRLSSR
car_2551,LSSSSL
car_2552,RSS
car_2554,SSSRLSSR
car_2555,SSSSSSL
car_2557,LSSSSSSS
car_2558,LRSSSLRSLRS
car_2559,LSRLRLRLRLRSSL
car_2560,RLSSSSSSR
car_2561,LSSRSLRLRSSSL
car_2562,SRSS
car_2563,SSSSSSSS
car_2564,RSSSR
car_2565,RLSRLSSRLRLS
car_2566,LRLSS
car_2567,SRLSRLRLRLSRL
car_2569,RSSSSSR
car_2570,RSSLRLRLRLRS
car_2571,SSSSLRLRSS
car_2572,SSSSSR
car_2574,SSSSSSSRL
car_2575,RSSSSSSR
car_2578,LRLS
car_2579,LRSSSSSSS
car_2580,SSSSSLRSS
car_2582,SRLRLRLSSSRL
car_2583,RLSSSSSRLR
car_2585,LRLSRLSSRL
car_2586,SSSSL
car_2241,RLSRLSSSRLS
car_2313,LRL
car_2333,SLRSSL
car_2539,LSRLRLRLRLRLRSS
car_2576,RLSSSSSSS
car_2577,SSLRLRLRSLRS
car_2581,RSSSS
car_2587,RSSSR
car_2589,SSSSSSL
car_2590,SSRLSRLRLSS
car_2591,LSRLRLSRLS
car_2592,LSSSRLRLRSL
car_2593,LRLRSSSSL
car_2594,RSSR
car_2595,RSSSR
car_2596,LSSL
car_2597,SSSSSSSRL
car_2598,RR
car_2599,RSLRLRSLRLR
car_2601,SSSLRSLRLRLR
car_2602,RLSRLSSRLSS
car_2604,LRLRSLRLRSSS
car_2605,LRLSRLRLRSSSS
car_2606,SSSL
car_2607,RSLRLRLRLRLRS
car_2608,LSRSLRLRSSLRLR
car_2609,RR
car_2610,RLRLRLRLRLRS
car_2611,RLRLRLRLRLRLR
car_2612,LSL
car_2613,RSLRLSSSSR
car_2614,RLRLSRLRLSSR
car_2615,RSR
car_2617,SLRLRLSSSS
car_2619,LSSRLRLRLRLS
car_2620,LSSSSSSL
car_2621,LSSSL
car_2623,LSRLSSSS
car_2624,LRSSSSSSS
car_2625,RSSSLRLRS
car_2626,SSSSSSSS
car_2627,RSSLR
car_2628,SRLRLRLRLSSS
car_2629,RSLRLRLSR
car_2630,LRLSRL
car_2631,LSSSRLRSL
car_2632,RLRLSSSSSS
car_2633,LRSSSSSSL
car_2635,SSSL
car_2637,LRLSRLRLRLSS
car_2638,LSSSRLRLRLRSSSS
car_2639,RSSSSSSR
car_2640,RR
car_2641,LL
car_2642,LL
car_2643,RLSRLRLR
car_2644,SSRLSRLRLR
car_2645,RSR
car_2646,LRLRSLRSL
car_2647,SRLRLSSSSS
car_2648,LSSSS
car_2649,RLRLRLSSRLSS
car_2650,RLRLRLSSRLSS
car_2651,LRSSSL
car_2653,RLSSSSR
car_2654,SSSSL
car_2655,LRLRLRLRLRSSS
car_2656,SSSSR
car_2657,RSLSSSSSSS
car_2658,LRLRLSRLRLS
car_2659,LSSSSSL
car_2660,LRLRSLRL
car_2661,RLRSS
car_2662,LL
car_2663,RLRLRLRSSS
car_2665,LSSSL
car_2667,LSSSSSSL
car_2668,LSRLRLRLRSSSS
car_2669,RSSSR
car_2671,LSSL
car_2672,SRLRLSSSR
car_2673,RSSR
car_2674,RLSRLRLSR
car_2675,SRSLRLRLR
car_2676,SSSSSSSS
car_2678,RSLSSSSSSS
car_2679,LS
car_2680,RLSSRLRLRLSRL
car_2681,RSR
car_2683,LSSL
car_2684,LSSSSSSL
car_2688,SSSSSSSS
car_2689,RLRLRLRLRLSRLS
car_2690,RSR
car_2691,SSSSSSSS
car_2692,SSSSSRLSS
car_2693,RR
car_2694,RR
car_2695,LRSSSSSSS
car_2696,LRSSSSSSL
car_2698,LSSSSSRL
car_2701,SSR
car_1731,RR
car_1745,RSSSSSR
car_1918,SSL
car_1935,RLRLRLSRSLRLRS
car_2187,SSR
car_2374,LRSSL
car_2410,LRSSSL
car_2473,LSL
car_2507,LSL
car_2573,SSSSSR
car_2622,LSSSSL
car_2670,RR
car_2677,RLRLRLSRLSRLS
car_2686,LSSL
car_2687,SSRLSR
car_2699,RLRSSLRLRSS
car_2702,LRLRSLRLRLSRLRL
car_2703,SSSSSSSR
car_2704,RSSSR
car_2705,SRLSSSSSS
car_2706,SSSSRLSSS
car_2707,SSRLSRLRLSR
car_2708,SLRSLRLRSLRL
car_2709,RSLSSSRLRLSS
car_2710,LSSS
car_2711,SSLRLSRLS
car_2712,RR
car_2714,SSSLRLRLRLRS
car_2715,SSSSSSL
car_2716,RSSSLRSSS
car_2717,LSSSL
car_2718,SR
car_2719,SLRLRLRLRLRLRS
car_2720,R
car_2721,SSSSRLSSS
car_2723,SLRLRLRLRLRSS
car_2724,RLSRLRLRLRLRLR
car_2725,LSSSSL
car_2726,LSRSSL
car_2727,RLRLSRLR
car_2728,LSSSS
car_2729,RSSSS
car_2730,RR
car_2731,SRSLSSRLSSS
car_2732,LL
car_2733,SRSLR
car_2734,SSLRSL
car_2736,SLRSSLRSSS
car_2738,LRLRLRLRLRLRLRL
car_2739,SSSSSSR
car_2740,SSSSSR
car_2742,SSSSL
car_2743,SRLR
car_2744,RS
car_2745,SRLRLSSSR
car_2746,SSSSSRLRLRS
car_2747,LL
car_2748,LSSS
car_2749,SSRLSSSSRL
car_2750,LRSLRLRLS
car_2751,LSL
car_2752,RLRLRSSLRS
car_2753,RSSSSR
car_2754,SL
car_2756,RLSRSLRSLRSLR
car_2757,LSSSSSS
car_2758,SSSRLR
car_2759,LSSSL
car_2760,SRLRLSRLRLRLR
car_2761,LSL
car_2762,SSSSSSSS
car_2763,RLRSLRLSR
car_2764,SSSSSSSS
car_2765,RLRLSRLSR
car_2766,LRSLRSSSL
car_2767,RLRLRSSS
car_2768,SSLRSL
car_2770,SSSSRLSR
car_2772,LRLRSSLRLRLRLSR
car_2773,LSSSSSSL
car_2774,LSSL
car_2776,SRLRSLRLRLRLRLS
car_2778,LSRSLRLSRLRSL
car_2779,SLRLSS
car_2780,RLRLRLRS
car_2781,SLRSSLRLRSL
car_2782,SRLSRLRLR
car_2783,LRLRSSSSL
car_2784,RSSSSSR
car_2785,LRSSSSSSS
car_2786,LRLRLSSSS
car_2789,SLRLRSSSSS
car_2790,SSSR
car_2792,SSSLRLRLRLSSS
car_2793,LRSSSL
car_2794,RLSSSRLR
car_2795,RSR
car_2796,RSR
car_2797,LRLRLRL
car_2798,LSRSSLRLRSSS
car_2799,RSLR
car_2800,LL
car_2801,RLSRLSSSSS
car_2804,LRLRLRSSLRLRS
car_2805,RSSSR
car_2806,RLRLRLRLRLRLRLR
car_2808,RLSSSSSSS
car_2809,LRSSLRSSSS
car_2810,LSL
car_2811,SSSSSSSS
car_2812,LRLRSLRL
car_2813,RSLRSS
car_2814,LSRLRLRL
car_2815,SLRLRSSSL
car_2816,SSRLSSSSS
car_2280,R
car_2467,SSSSSRLSS
car_2503,RLRLRLRLRSS
car_2517,RLSRLSRLRLSS
car_2553,LRSL
car_2568,RSSSSR
car_2600,SSLRSSSSS
car_2722,LSSL
car_2777,RLSSSSSSR
car_2791,LSRLSSRLRSL
car_2820,SSLRLRLRSSS
car_2821,LRLRLRLRLRLRLRL
car_2822,LSSRLRLSRL
car_2823,LRSSLRSSLRLR
car_2824,RSSSSR
car_2825,LRLRLRLRSL
car_2826,RLRLRSS
car_2827,SSSLRLRSLRL
car_2828,SRLRLSSSSS
car_2829,RSR
car_2830,LSRSSSSSSS
car_2831,SLRSSSSSS
car_2833,RSSSR
car_2835,LSSSL
car_2836,LRSSSLRLRLRS
car_2837,LSSSSSSRL
car_2838,LSSL
car_2839,RLSRLSSRLRLS
car_2840,LRLRLRLRLSRL
car_2841,SSLRLRLRLRLRLR
car_2842,LRSSSSSSS
car_2843,LL
car_2844,LL
car_2845,LRSLRSSSSS
car_2846,RLRLRLSSR
car_2847,SLRLRSSSL
car_2848,RLSRLRLRLRLR
car_2849,RLRLRLRLSSRLS
car_2851,RLRLSRLSRLRLRL
car_2854,SSSSR
car_2855,SSSSSSSS
car_2856,SSSL
car_2858,LSRLRLRLRLS
car_2859,SSSSSSSS
car_2860,RLRLRLRLRLSSS
car_2861,LSRLRLRSSL
car_2862,RLRLRLRLSR
car_2863,SSSSSRLRLRL
car_2864,LRLRLRLRSSSS
car_2865,SSSSRLRS
car_2866,RSSSSSR
car_2869,SSSSR
car_2870,LRLRSLRLRSSS
car_2872,LSSSSSS
car_2873,RLRSLRLRLSR
car_2874,LSRLS
car_2875,RSLRLR
car_2876,SLRSSSSSS
car_2877,RSLRLRLRS
car_2878,SRLSSRLSSR
car_2880,LRSLRLRSSSS
car_2883,LSSRLRLRLSS
car_2884,SSSSSSR
car_2885,RSSSR
car_2887,RS
car_2888,RSR
car_2889,LRLRL
car_2890,RR
car_2891,LL
car_2892,RSSSR
car_2893,RSR
car_2894,LSRLRLRSL
car_2895,SSSSSSSS
car_2896,LS
car_2897,SSSRLRLRLSS
car_2900,LSSSRLRLSS
car_2901,LSRLSRLRLRLS
car_2902,RSSSSSSR
car_2905,RLSSRLSSSR
car_2906,LRSLRLRLRSSL
car_2907,LRLRSSSLRSS
car_2908,RSSSR
car_2909,SLRSLRLRSSLR
car_2911,RLSSSSSSRL
car_2912,SRLSSRLRLRLRL
car_2913,LRSSSSL
car_2914,SSSL
car_2921,RLRLRS
car_2922,RSR
car_2924,SLRLRLRSSL
car_2925,SRLSSSRLRLR
car_2934,LSSRLRLRLRLS
car_2391,RSSSSSR
car_2428,RLSRLSSSSS
car_2485,RLSRLRLRLRLRLR
car_2533,SSLRSSSL
car_2807,LRLRLRSSSSS
car_2857,RLSSSR
car_2871,LSSSSSS
car_2886,LSSSSSL
car_2903,RR
car_2904,SRLR
car_2910,SSSSSSSS
car_2917,RSLRLRLSRLRLRS
car_2918,SSSSSSRLS
car_2919,LSRLRLRLRLRSSL
car_2920,LS
car_2923,SSSSSRLSS
car_2926,LRLRLRLRL
car_2927,LRLS
car_2928,RR
car_2929,LRSSL
car_2931,SSSLRSSSS
car_2932,RLRLRLRLRLRLSRL
car_2935,LRLRLSRLSRLS
car_2936,SLRLSRLRLRLRLRL
car_2937,SSSSSR
car_2938,RSR
car_2939,LSSL
car_2940,SRLSSSSSR
car_2941,LSL
car_2942,LSL
car_2943,LSSL
car_2944,SRLRLSRLRLSS
car_2945,SSRLRLRLRLSR
car_2946,LRLRSSSSSS
car_2947,LSRL
car_2948,RSR
car_2949,RLSRLRLRSLRLR
car_2951,SSL
car_2954,SR
car_2955,SLSRLRLSRLRLRL
car_2958,RLR
car_2959,RLRLSR
car_2960,RLRLSRLRLSSS
car_2961,RSSSR
car_2962,RLRSSS
car_2963,SRLSSSSSS
car_2964,RSR
car_2965,LRLRLRLRSSSS
car_2967,RLSSSSSSS
car_2968,RLRSSSSSS
car_2971,LSSSSSSS
car_2973,SSSSLRLRSS
car_2974,LSSL
car_2975,RLRLRLRLR
car_2976,LSRLRSSSSSS
car_2977,LSSL
car_2978,RLSRLSSSSS
car_2979,RSSSSR
car_2980,RLSRLSRLRLSS
car_2982,RR
car_2983,RLSSR
car_2984,RLSRLRLRLRLRSS
car_2987,SR
car_2989,RSSSLRSSS
car_2991,LSL
car_2992,RLRS
car_2993,RLRLSRLSSSR
car_2994,LRLSRSSL
car_2995,RLRLRSS
car_2996,RLRLRLSSRLR
car_2997,SRLSRLSSRLRL
car_2998,RLSRLSSR
car_2999,LRSSSSSSS
car_3000,SSSSLRSSS
car_3001,LSSSSL
car_3002,RSLRLRLSRSLRLR
car_3005,LSSSSSSL
car_3006,LRSLRLRLRSLRLSR
car_3008,RSSSSSSR
car_3011,LL
car_3012,RSR
car_3013,LRLRLRSSSSL
car_3014,LSSSL
car_3015,LRSSSLRSSL
car_3016,SRLRLSRLRLRS
car_3017,RSSR
car_3019,SSSLRLRLRLRLSR
car_3022,SSSR
car_3023,SSSSSSR
car_3025,SSL
car_3028,RSSSLRSLR
car_3029,SRLSRLSR
car_3030,LSL
car_3031,LRLS
car_3032,LSRLRLRLS
car_3033,LRSSSSSSS
car_3036,SSSSSSSR
car_2584,RLSRLRLRLRLRLR
car_2616,RSSSSSR
car_2685,LSSL
car_2957,SRLSSSSSR
car_2990,LRLSRLRLRSSSS
car_3009,LSRLSRLRLRL
car_3037,R
car_3038,RSSSSSSR
car_3039,RLRLRLSSSSS
car_3040,SLRSLRLRSSS
car_3041,RLSSSSR
car_3042,SRLRLRS
car_3043,LRLSS
car_3044,LSRLRSL
car_3045,RLRLRLRS
car_3046,LRLRSL
car_3047,LRLRLRLRLRSL
car_3048,LL
car_3049,RSR
car_3050,LRLRLSRLRLRL
car_3051,LRLSRLRLRLRSL
car_3052,SSRLSRLSSS
car_3056,SSL
car_3059,LRSSL
car_3060,LS
car_3061,SSLRSSSSS
car_3062,SSSSSSSS
car_3063,SSSSLRLRLRL
car_3064,RSSLRS
car_3065,RSLSRLSSSRLS
car_3066,RLRLSSSSSS
car_3067,SSSSSSSS
car_3068,LSSSL
car_3070,LL
car_3071,SRLRLRLSSSS
car_3074,LSSSL
car_3076,RR
car_3077,SSSSSSSS
car_3078,LRLRLSRLSS
car_3079,SSSRLRLRLSR
car_3080,LRSSSSSLRLR
car_3081,RSR
car_3082,SSSSSSSS
car_3083,SRLRLSSSRLS
car_3084,LRLRSLRLRSL
car_3085,RLRLRLRLSRLR
car_3086,LL
car_3087,RLRLRLRLSSRLS
car_3091,LSSSSSL
car_3092,LRLRSSSSSS
car_3094,RLRLRLRLRLSRLRL
car_3095,RLRSLRLRLRLSRLS
car_3097,LRLRLRLRLSS
car_3098,SSLRSSSSS
car_3099,LL
car_3100,RR
car_3101,LSRLRLRL
car_3102,RLSRLSSRLRLS
car_3103,LRSSLRLRSSS
car_3104,LSRLSRL
car_3105,RSSLSRLRLSSR
car_3106,LL
car_3107,RLRS
car_3108,RLSSSSRLRLS
car_3110,LSRLSRLRLS
car_3113,LSRLRLRSSLRSS
car_3114,LSRLRLRLSSS
car_3118,RLRLSRLRLRLR
car_3119,RSLRS
car_3120,RSSSR
car_3121,RSLRSS
car_3122,SLSRLRSSSSS
car_3123,LSSSL
car_3124,RSSSLRLR
car_3125,SSSRLSSSS
car_3126,SSSSSSSLR
car_3127,SRLSRLRLSRLS
car_3128,LSSRLRLSS
car_3131,LSL
car_3133,LL
car_3135,RSSR
car_3136,SSSSRLSRLRL
car_3137,RLRLSSSSSS
car_3138,RLRLSSSSRLRL
car_3139,RSSSS
car_3140,RLRLRLR
car_3141,RLSRLSSSSS
car_3142,LSS
car_3143,SSSSSSSRL
car_3144,RLRLRLRSLRS
car_3145,LSSSSL
car_3146,SSSL
car_3149,LRLRLRLRSSSS
car_3150,SSSSSSSS
car_3151,SSLRLRLRLRSS
car_3153,LRSSL
car_3154,LSSSSL
car_3155,RSR
car_3156,LRLRLRSSSSS
car_3157,SRSLRLRLR
car_3159,LSSRLSS
car_3160,RLRLRLRLRLRLR
car_2299,LSSRLRLRLRLRL
car_2356,LRLRLRLRLRLRLS
car_2377,SSSR
car_2634,RLRSLRSSS
car_3010,LSL
car_3026,RLSR
car_3027,LSSSSSL
car_3057,LSSSL
car_3058,LSL
car_3075,LRLRSSSSSS
car_3096,RR
car_3158,LSSRLRSL
car_3165,SSSRLSSSR
car_3166,LRLRLRSSSSLR
car_3167,LL
car_3168,RLSRLSSSSS
car_3169,SSSSSSSS
car_3170,RLSSSSSSS
car_3171,SRLSSSRLSRL
car_3172,SSSSSSSS
car_3173,RLRLRLRLRLSSR
car_3174,LRSSL
car_3175,RSR
car_3176,LRLRLRLRLRLRL
car_3177,RLSSSSR
car_3178,RSSSSSSS
car_3181,LRLRLRLRLSSS
car_3182,L
car_3183,RLSSSSSSS
car_3184,SLRLRSSSSS
car_3185,RLRLSRLSR
car_3186,LRLRLRSSL
car_3187,SLSSSS
car_3188,SRSLRLRLRS
car_3189,LRSL
car_3192,LSSSSSSS
car_3193,SSR
car_3194,LSL
car_3195,LRLRLRLRLRLRSL
car_3196,LSSSL
car_3197,RSSSLR
car_3198,SSSRLRLRLRS
car_3199,LSRLSS
car_3200,LSSSL
car_3201,RLRLRLRLRS
car_3202,LL
car_3203,LRSSSSSSS
car_3205,SRLRSSLRSSS
car_3208,LSSL
car_3209,SR
car_3211,LSL
car_3212,LSRLRLRLRLRL
car_3213,LS
car_3214,RSSSSLR
car_3215,RR
car_3216,SSSRLSSSS
car_3217,LSSL
car_3218,SRLRLRSS
car_3219,RLRLRLR
car_3220,RLRLRS
car_3221,LSS
car_3222,RLRLR
car_3223,SSSSSSSS
car_3224,RSSSSSS
car_3226,SLRSLRSSSS
car_3229,SSR
car_3231,RLRLRLRLSSSS
car_3232,LRLRLSSSS
car_3233,LSRLRLRLRLRSSL
car_3234,LRLRLRLRSLRSL
car_3235,SRSLRLRLRLR
car_3236,RSSR
car_3237,SRLRLRLRLSSR
car_3238,LRSLSRSSL
car_3239,SRLSSSSRLRL
car_3240,LRLRSLRLRSSS
car_3241,RSLRLSRLSSSRL
car_3242,LS
car_3245,SLRLRLRSSSS
car_3246,LSSSSSSS
car_3248,RLSRLSSSSS
car_3250,SRLSSSSSS
car_3251,RSSSSSR
car_3252,RLSSSSSSS
car_3253,RLSRLSSRLSR
car_3254,SRLRLRLSSSS
car_3255,RLSRLRLSRLSS
car_3256,LRSSSSSL
car_3258,RSSSR
car_3261,LSRLRLSSSS
car_3268,SSSSSSSS
car_3270,LSSS
car_3271,RSR
car_3272,SSSLRSSSS
car_3273,LSS
car_3275,RLSR
car_3276,RR
car_2652,LRSSL
car_2713,RLRLRLRSSS
car_2741,SSSR
car_2775,LSSL
car_2787,RSSSR
car_2834,RSSR
car_2953,LSSSSL
car_2970,LL
car_2972,LRLRLRLRLRSSS
car_3116,LSSSSSL
car_3117,SLRLRLRLRSSS
car_3249,RLSSSSSSR
car_3262,LRLRLSSSSS
car_3264,RSSSSSSR
car_3266,RS
car_3267,RLSSRLR
car_3269,SSSRLSRLRLRS
car_3274,LRSSSSSSL
car_3279,LRSSLRLRSSS
car_3280,RSSSSSSS
car_3281,LSRLRSLRSLRLRL
car_3282,RR
car_3283,RSSSSSR
car_3284,SSSSSLRSS
car_3285,RSSSR
car_3286,RLRLSRLRLSSS
car_3287,SRSLRS
car_3288,LRSLRSL
car_3289,LRLRSL
car_3290,LRSLRLRLRLRL
car_3291,SRLRLRLRLSRLRL
car_3292,SSSSSSSS
car_3295,SSSSSR
car_3297,SRLRLRLRLSRLRL
car_3298,LRLRLRLRLRLRSS
car_3300,RSLRS
car_3301,SSSSSSSS
car_3302,RLRLRLRSS
car_3303,LRSSSSLRL
car_3304,RLRS
car_3305,SLRSL
car_3306,RSR
car_3307,LRLSSRLSS
car_3308,RSSSLRLRLRS
car_3311,LRLRLRSSSSS
car_3313,SSSSSSSL
car_3314,RS
car_3316,LSRSL
car_3317,LSSSL
car_3318,LRLRLRL
car_3319,LRLRSSLRSSL
car_3320,LSL
car_3321,RSSR
car_3322,SSSSSSSRL
car_3323,RSSSR
car_3324,SSRLSRLRLSS
car_3326,SRS
car_3327,RLRSSSSSS
car_3330,LSSSSSSS
car_3331,LSSSSL
car_3333,RSSSSSR
car_3334,RLR
car_3336,SSRLSSSSRL
car_3337,RSLSRLSSSSS
car_3338,LSSSS
car_3339,RLRLSRLSRS
car_3340,SLSSRL
car_3341,LRLRLRSSL
car_3342,RLRSLRSLR
car_3343,LSRSSSSSSS
car_3344,RLRLRLRLSRLRLR
car_3346,LSSSSRLS
car_3349,LRLRLRLSSSS
car_3350,SSR
car_3354,LRSSSSSSL
car_3355,LL
car_3356,LRSLRSSSL
car_3357,LSRLRSLRSSSL
car_3358,RLSSRLSSRLRS
car_3359,RLRLSRLRLR
car_3360,RSSSLR
car_3361,SRLRLSRLSSR
car_3362,SRSLRLRLSRLR
car_3363,LSSL
car_3367,LSL
car_3368,SSSSSSR
car_3369,LSL
car_3370,SSSSL
car_3373,LRSSSSSSS
car_3374,LSSRLS
car_3375,RSLRSS
car_3377,LSRLS
car_3378,SRSLRS
car_3379,RSR
car_3380,LRSLRLRLRLS
car_3383,RLR
car_3384,LSSSSSS
car_3387,LRLSSSSSS
car_2664,LRSL
car_2697,RSR
car_2735,RSSSR
car_2769,SSSLRSSL
car_2817,RLRLSSSSRLS
car_2832,RR
car_2850,RLRLRLRLRLRLSS
car_2879,RSSR
car_2881,RLRLRLRLRSLRLSR
car_2898,RLRLRLRLRLRLRLR
car_2956,LSSSSSL
car_2988,SSLRLRLRLRLRLR
car_3003,SSSL
car_3007,LRLRLRLRLRLSS
car_3055,SLRLRLRSSSS
car_3093,LSRSLSRLRLSRL
car_3132,SR
car_3134,RLSSSSR
car_3152,RLSSR
car_3210,SSSR
car_3230,SSSSSSSR
car_3265,RLSSSSSR
car_3299,LRLRLRLRLSS
car_3335,RLSSSSSSR
car_3353,LSSL
car_3372,SSLRSSLRSS
car_3376,LSRLRSSL
car_3381,SRLRSSSSS
car_3388,SLRLRLRLRSSS
car_3390,SSSSSSSL
car_3392,LSSSL
car_3393,LRLRLRSLRL
car_3394,RSR
car_3395,RSSSS
car_3396,RSSSR
car_3397,LRLRL
car_3401,SR
car_3402,SR
car_3403,RLR
car_3404,SLRSSSSSS
car_3405,LSSSSS
car_3406,RLRLSSSSSS
car_3407,LRLRLSRL
car_3408,LRSSSSSSS
car_3409,LSRLRLRL
car_3410,RSSSR
car_3411,LSSL
car_3412,SSLRSSSL
car_3413,SSRLSRLRLRLRSL
car_3414,LSSSSSS
car_3417,SR
car_3418,SSSSSSSS
car_3420,LRLRLRSLRSLRLS
car_3421,SLSRLRSSLRLRLR
car_3422,SSSSSSRLS
car_3423,LSSSRLS
car_3424,LSSSL
car_3425,SSRLRLRLSRLR
car_3426,LSRLRSSL
car_3427,LSL
car_3428,LRLRLRLRSSSS
car_3429,RSR
car_3430,SLRSSSSSS
car_3431,RSR
car_3434,LSSSSSRLS
car_3436,RLSSSR
car_3438,LRSL
car_3439,RR
car_3440,LL
car_3441,RSR
car_3442,LL
car_3443,LRSSSLRSSL
car_3444,LSSSSL
car_3445,RLRS
car_3446,LRSSSL
car_3448,RLSRSLRLSSSS
car_3451,SSSSSR
car_3452,LRSSSLRSSS
car_3453,RLRSSLRLRSS
car_3454,LSSSL
car_3456,LRLRLRSLRLRSS
car_3457,RSR
car_3458,LSL
car_3459,SRLSRLSSSS
car_3460,SRSLSSSSRLRS
car_3461,SSSSSSSS
car_3462,SSSSRLSSS
car_3463,RSSR
car_3468,SSL
car_3470,RLSSSSSR
car_3471,LSL
car_3472,LRLRSSSSSS
car_3473,RLRLRLRS
car_3474,RLRLRLRS
car_3475,LL
car_3476,RR
car_3477,SSSSSSSS
car_3478,RLRLR
car_3479,SSSSLRSSS
car_3481,RLSSSSR
car_3482,RLRLRLRLRLRLSS
car_3485,SSSSLRSLRS
car_3486,LSRLRLRLRLSRSL
car_3487,LSSSRLRLRLRL
car_3488,SSSSSSSL
car_3489,SRLR
car_3490,SLRSSSSSS
car_3491,SLRLRLRSSSS
car_3492,LSSSSS
car_3493,RLRLRLRLRS
car_3494,RLRLRS
car_3495,RR
car_3496,LRLRLRSSSL
car_3497,LRLRLRSSSL
car_3498,RLSRLSSSSS
car_3499,LL
car_3500,SSRLSSSSS
car_3501,RLSSRLRLRSSLR
car_3505,SSSSSLRLRS
